file_path,modality,vocal_channel,emotion_id,emotion,intensity,statement,repetition,actor_id
/home/jupyter-dinuanandcr.23cse/project/Quantum_Audio_Emotion/Quantum_audio/data/raw/RAVDESS/Actor_01/03-01-01-01-01-01-01.wav,03,01,01,neutral,01,01,01,1
/home/jupyter-dinuanandcr.23cse/project/Quantum_Audio_Emotion/Quantum_audio/data/raw/RAVDESS/Actor_01/03-01-01-01-01-02-01.wav,03,01,01,neutral,01,01,02,1
/home/jupyter-dinuanandcr.23cse/project/Quantum_Audio_Emotion/Quantum_audio/data/raw/RAVDESS/Actor_01/03-01-01-01-02-01-01.wav,03,01,01,neutral,01,02,01,1
/home/jupyter-dinuanandcr.23cse/project/Quantum_Audio_Emotion/Quantum_audio/data/raw/RAVDESS/Actor_01/03-01-01-01-02-02-01.wav,03,01,01,neutral,01,02,02,1
/home/jupyter-dinuanandcr.23cse/project/Quantum_Audio_Emotion/Quantum_audio/data/raw/RAVDESS/Actor_01/03-01-02-01-01-01-01.wav,03,01,02,calm,01,01,01,1
/home/jupyter-dinuanandcr.23cse/project/Quantum_Audio_Emotion/Quantum_audio/data/raw/RAVDESS/Actor_01/03-01-02-01-01-02-01.wav,03,01,02,calm,01,01,02,1
/home/jupyter-dinuanandcr.23cse/project/Quantum_Audio_Emotion/Quantum_audio/data/raw/RAVDESS/Actor_01/03-01-02-01-02-01-01.wav,03,01,02,calm,01,02,01,1
/home/jupyter-dinuanandcr.23cse/project/Quantum_Audio_Emotion/Quantum_audio/data/raw/RAVDESS/Actor_01/03-01-02-01-02-02-01.wav,03,01,02,calm,01,02,02,1
/home/jupyter-dinuanandcr.23cse/project/Quantum_Audio_Emotion/Quantum_audio/data/raw/RAVDESS/Actor_01/03-01-02-02-01-01-01.wav,03,01,02,calm,02,01,01,1
/home/jupyter-dinuanandcr.23cse/project/Quantum_Audio_Emotion/Quantum_audio/data/raw/RAVDESS/Actor_01/03-01-02-02-01-02-01.wav,03,01,02,calm,02,01,02,1
/home/jupyter-dinuanandcr.23cse/project/Quantum_Audio_Emotion/Quantum_audio/data/raw/RAVDESS/Actor_01/03-01-02-02-02-01-01.wav,03,01,02,calm,02,02,01,1
/home/jupyter-dinuanandcr.23cse/project/Quantum_Audio_Emotion/Quantum_audio/data/raw/RAVDESS/Actor_01/03-01-02-02-02-02-01.wav,03,01,02,calm,02,02,02,1
/home/jupyter-dinuanandcr.23cse/project/Quantum_Audio_Emotion/Quantum_audio/data/raw/RAVDESS/Actor_01/03-01-03-01-01-01-01.wav,03,01,03,happy,01,01,01,1
/home/jupyter-dinuanandcr.23cse/project/Quantum_Audio_Emotion/Quantum_audio/data/raw/RAVDESS/Actor_01/03-01-03-01-01-02-01.wav,03,01,03,happy,01,01,02,1
/home/jupyter-dinuanandcr.23cse/project/Quantum_Audio_Emotion/Quantum_audio/data/raw/RAVDESS/Actor_01/03-01-03-01-02-01-01.wav,03,01,03,happy,01,02,01,1
/home/jupyter-dinuanandcr.23cse/project/Quantum_Audio_Emotion/Quantum_audio/data/raw/RAVDESS/Actor_01/03-01-03-01-02-02-01.wav,03,01,03,happy,01,02,02,1
/home/jupyter-dinuanandcr.23cse/project/Quantum_Audio_Emotion/Quantum_audio/data/raw/RAVDESS/Actor_01/03-01-03-02-01-01-01.wav,03,01,03,happy,02,01,01,1
/home/jupyter-dinuanandcr.23cse/project/Quantum_Audio_Emotion/Quantum_audio/data/raw/RAVDESS/Actor_01/03-01-03-02-01-02-01.wav,03,01,03,happy,02,01,02,1
/home/jupyter-dinuanandcr.23cse/project/Quantum_Audio_Emotion/Quantum_audio/data/raw/RAVDESS/Actor_01/03-01-03-02-02-01-01.wav,03,01,03,happy,02,02,01,1
/home/jupyter-dinuanandcr.23cse/project/Quantum_Audio_Emotion/Quantum_audio/data/raw/RAVDESS/Actor_01/03-01-03-02-02-02-01.wav,03,01,03,happy,02,02,02,1
/home/jupyter-dinuanandcr.23cse/project/Quantum_Audio_Emotion/Quantum_audio/data/raw/RAVDESS/Actor_01/03-01-04-01-01-01-01.wav,03,01,04,sad,01,01,01,1
/home/jupyter-dinuanandcr.23cse/project/Quantum_Audio_Emotion/Quantum_audio/data/raw/RAVDESS/Actor_01/03-01-04-01-01-02-01.wav,03,01,04,sad,01,01,02,1
/home/jupyter-dinuanandcr.23cse/project/Quantum_Audio_Emotion/Quantum_audio/data/raw/RAVDESS/Actor_01/03-01-04-01-02-01-01.wav,03,01,04,sad,01,02,01,1
/home/jupyter-dinuanandcr.23cse/project/Quantum_Audio_Emotion/Quantum_audio/data/raw/RAVDESS/Actor_01/03-01-04-01-02-02-01.wav,03,01,04,sad,01,02,02,1
/home/jupyter-dinuanandcr.23cse/project/Quantum_Audio_Emotion/Quantum_audio/data/raw/RAVDESS/Actor_01/03-01-04-02-01-01-01.wav,03,01,04,sad,02,01,01,1
/home/jupyter-dinuanandcr.23cse/project/Quantum_Audio_Emotion/Quantum_audio/data/raw/RAVDESS/Actor_01/03-01-04-02-01-02-01.wav,03,01,04,sad,02,01,02,1
/home/jupyter-dinuanandcr.23cse/project/Quantum_Audio_Emotion/Quantum_audio/data/raw/RAVDESS/Actor_01/03-01-04-02-02-01-01.wav,03,01,04,sad,02,02,01,1
/home/jupyter-dinuanandcr.23cse/project/Quantum_Audio_Emotion/Quantum_audio/data/raw/RAVDESS/Actor_01/03-01-04-02-02-02-01.wav,03,01,04,sad,02,02,02,1
/home/jupyter-dinuanandcr.23cse/project/Quantum_Audio_Emotion/Quantum_audio/data/raw/RAVDESS/Actor_01/03-01-05-01-01-01-01.wav,03,01,05,angry,01,01,01,1
/home/jupyter-dinuanandcr.23cse/project/Quantum_Audio_Emotion/Quantum_audio/data/raw/RAVDESS/Actor_01/03-01-05-01-01-02-01.wav,03,01,05,angry,01,01,02,1
/home/jupyter-dinuanandcr.23cse/project/Quantum_Audio_Emotion/Quantum_audio/data/raw/RAVDESS/Actor_01/03-01-05-01-02-01-01.wav,03,01,05,angry,01,02,01,1
/home/jupyter-dinuanandcr.23cse/project/Quantum_Audio_Emotion/Quantum_audio/data/raw/RAVDESS/Actor_01/03-01-05-01-02-02-01.wav,03,01,05,angry,01,02,02,1
/home/jupyter-dinuanandcr.23cse/project/Quantum_Audio_Emotion/Quantum_audio/data/raw/RAVDESS/Actor_01/03-01-05-02-01-01-01.wav,03,01,05,angry,02,01,01,1
/home/jupyter-dinuanandcr.23cse/project/Quantum_Audio_Emotion/Quantum_audio/data/raw/RAVDESS/Actor_01/03-01-05-02-01-02-01.wav,03,01,05,angry,02,01,02,1
/home/jupyter-dinuanandcr.23cse/project/Quantum_Audio_Emotion/Quantum_audio/data/raw/RAVDESS/Actor_01/03-01-05-02-02-01-01.wav,03,01,05,angry,02,02,01,1
/home/jupyter-dinuanandcr.23cse/project/Quantum_Audio_Emotion/Quantum_audio/data/raw/RAVDESS/Actor_01/03-01-05-02-02-02-01.wav,03,01,05,angry,02,02,02,1
/home/jupyter-dinuanandcr.23cse/project/Quantum_Audio_Emotion/Quantum_audio/data/raw/RAVDESS/Actor_01/03-01-06-01-01-01-01.wav,03,01,06,fearful,01,01,01,1
/home/jupyter-dinuanandcr.23cse/project/Quantum_Audio_Emotion/Quantum_audio/data/raw/RAVDESS/Actor_01/03-01-06-01-01-02-01.wav,03,01,06,fearful,01,01,02,1
/home/jupyter-dinuanandcr.23cse/project/Quantum_Audio_Emotion/Quantum_audio/data/raw/RAVDESS/Actor_01/03-01-06-01-02-01-01.wav,03,01,06,fearful,01,02,01,1
/home/jupyter-dinuanandcr.23cse/project/Quantum_Audio_Emotion/Quantum_audio/data/raw/RAVDESS/Actor_01/03-01-06-01-02-02-01.wav,03,01,06,fearful,01,02,02,1
/home/jupyter-dinuanandcr.23cse/project/Quantum_Audio_Emotion/Quantum_audio/data/raw/RAVDESS/Actor_01/03-01-06-02-01-01-01.wav,03,01,06,fearful,02,01,01,1
/home/jupyter-dinuanandcr.23cse/project/Quantum_Audio_Emotion/Quantum_audio/data/raw/RAVDESS/Actor_01/03-01-06-02-01-02-01.wav,03,01,06,fearful,02,01,02,1
/home/jupyter-dinuanandcr.23cse/project/Quantum_Audio_Emotion/Quantum_audio/data/raw/RAVDESS/Actor_01/03-01-06-02-02-01-01.wav,03,01,06,fearful,02,02,01,1
/home/jupyter-dinuanandcr.23cse/project/Quantum_Audio_Emotion/Quantum_audio/data/raw/RAVDESS/Actor_01/03-01-06-02-02-02-01.wav,03,01,06,fearful,02,02,02,1
/home/jupyter-dinuanandcr.23cse/project/Quantum_Audio_Emotion/Quantum_audio/data/raw/RAVDESS/Actor_01/03-01-07-01-01-01-01.wav,03,01,07,disgust,01,01,01,1
/home/jupyter-dinuanandcr.23cse/project/Quantum_Audio_Emotion/Quantum_audio/data/raw/RAVDESS/Actor_01/03-01-07-01-01-02-01.wav,03,01,07,disgust,01,01,02,1
/home/jupyter-dinuanandcr.23cse/project/Quantum_Audio_Emotion/Quantum_audio/data/raw/RAVDESS/Actor_01/03-01-07-01-02-01-01.wav,03,01,07,disgust,01,02,01,1
/home/jupyter-dinuanandcr.23cse/project/Quantum_Audio_Emotion/Quantum_audio/data/raw/RAVDESS/Actor_01/03-01-07-01-02-02-01.wav,03,01,07,disgust,01,02,02,1
/home/jupyter-dinuanandcr.23cse/project/Quantum_Audio_Emotion/Quantum_audio/data/raw/RAVDESS/Actor_01/03-01-07-02-01-01-01.wav,03,01,07,disgust,02,01,01,1
/home/jupyter-dinuanandcr.23cse/project/Quantum_Audio_Emotion/Quantum_audio/data/raw/RAVDESS/Actor_01/03-01-07-02-01-02-01.wav,03,01,07,disgust,02,01,02,1
/home/jupyter-dinuanandcr.23cse/project/Quantum_Audio_Emotion/Quantum_audio/data/raw/RAVDESS/Actor_01/03-01-07-02-02-01-01.wav,03,01,07,disgust,02,02,01,1
/home/jupyter-dinuanandcr.23cse/project/Quantum_Audio_Emotion/Quantum_audio/data/raw/RAVDESS/Actor_01/03-01-07-02-02-02-01.wav,03,01,07,disgust,02,02,02,1
/home/jupyter-dinuanandcr.23cse/project/Quantum_Audio_Emotion/Quantum_audio/data/raw/RAVDESS/Actor_01/03-01-08-01-01-01-01.wav,03,01,08,surprised,01,01,01,1
/home/jupyter-dinuanandcr.23cse/project/Quantum_Audio_Emotion/Quantum_audio/data/raw/RAVDESS/Actor_01/03-01-08-01-01-02-01.wav,03,01,08,surprised,01,01,02,1
/home/jupyter-dinuanandcr.23cse/project/Quantum_Audio_Emotion/Quantum_audio/data/raw/RAVDESS/Actor_01/03-01-08-01-02-01-01.wav,03,01,08,surprised,01,02,01,1
/home/jupyter-dinuanandcr.23cse/project/Quantum_Audio_Emotion/Quantum_audio/data/raw/RAVDESS/Actor_01/03-01-08-01-02-02-01.wav,03,01,08,surprised,01,02,02,1
/home/jupyter-dinuanandcr.23cse/project/Quantum_Audio_Emotion/Quantum_audio/data/raw/RAVDESS/Actor_01/03-01-08-02-01-01-01.wav,03,01,08,surprised,02,01,01,1
/home/jupyter-dinuanandcr.23cse/project/Quantum_Audio_Emotion/Quantum_audio/data/raw/RAVDESS/Actor_01/03-01-08-02-01-02-01.wav,03,01,08,surprised,02,01,02,1
/home/jupyter-dinuanandcr.23cse/project/Quantum_Audio_Emotion/Quantum_audio/data/raw/RAVDESS/Actor_01/03-01-08-02-02-01-01.wav,03,01,08,surprised,02,02,01,1
/home/jupyter-dinuanandcr.23cse/project/Quantum_Audio_Emotion/Quantum_audio/data/raw/RAVDESS/Actor_01/03-01-08-02-02-02-01.wav,03,01,08,surprised,02,02,02,1
/home/jupyter-dinuanandcr.23cse/project/Quantum_Audio_Emotion/Quantum_audio/data/raw/RAVDESS/Actor_02/03-01-01-01-01-01-02.wav,03,01,01,neutral,01,01,01,2
/home/jupyter-dinuanandcr.23cse/project/Quantum_Audio_Emotion/Quantum_audio/data/raw/RAVDESS/Actor_02/03-01-01-01-01-02-02.wav,03,01,01,neutral,01,01,02,2
/home/jupyter-dinuanandcr.23cse/project/Quantum_Audio_Emotion/Quantum_audio/data/raw/RAVDESS/Actor_02/03-01-01-01-02-01-02.wav,03,01,01,neutral,01,02,01,2
/home/jupyter-dinuanandcr.23cse/project/Quantum_Audio_Emotion/Quantum_audio/data/raw/RAVDESS/Actor_02/03-01-01-01-02-02-02.wav,03,01,01,neutral,01,02,02,2
/home/jupyter-dinuanandcr.23cse/project/Quantum_Audio_Emotion/Quantum_audio/data/raw/RAVDESS/Actor_02/03-01-02-01-01-01-02.wav,03,01,02,calm,01,01,01,2
/home/jupyter-dinuanandcr.23cse/project/Quantum_Audio_Emotion/Quantum_audio/data/raw/RAVDESS/Actor_02/03-01-02-01-01-02-02.wav,03,01,02,calm,01,01,02,2
/home/jupyter-dinuanandcr.23cse/project/Quantum_Audio_Emotion/Quantum_audio/data/raw/RAVDESS/Actor_02/03-01-02-01-02-01-02.wav,03,01,02,calm,01,02,01,2
/home/jupyter-dinuanandcr.23cse/project/Quantum_Audio_Emotion/Quantum_audio/data/raw/RAVDESS/Actor_02/03-01-02-01-02-02-02.wav,03,01,02,calm,01,02,02,2
/home/jupyter-dinuanandcr.23cse/project/Quantum_Audio_Emotion/Quantum_audio/data/raw/RAVDESS/Actor_02/03-01-02-02-01-01-02.wav,03,01,02,calm,02,01,01,2
/home/jupyter-dinuanandcr.23cse/project/Quantum_Audio_Emotion/Quantum_audio/data/raw/RAVDESS/Actor_02/03-01-02-02-01-02-02.wav,03,01,02,calm,02,01,02,2
/home/jupyter-dinuanandcr.23cse/project/Quantum_Audio_Emotion/Quantum_audio/data/raw/RAVDESS/Actor_02/03-01-02-02-02-01-02.wav,03,01,02,calm,02,02,01,2
/home/jupyter-dinuanandcr.23cse/project/Quantum_Audio_Emotion/Quantum_audio/data/raw/RAVDESS/Actor_02/03-01-02-02-02-02-02.wav,03,01,02,calm,02,02,02,2
/home/jupyter-dinuanandcr.23cse/project/Quantum_Audio_Emotion/Quantum_audio/data/raw/RAVDESS/Actor_02/03-01-03-01-01-01-02.wav,03,01,03,happy,01,01,01,2
/home/jupyter-dinuanandcr.23cse/project/Quantum_Audio_Emotion/Quantum_audio/data/raw/RAVDESS/Actor_02/03-01-03-01-01-02-02.wav,03,01,03,happy,01,01,02,2
/home/jupyter-dinuanandcr.23cse/project/Quantum_Audio_Emotion/Quantum_audio/data/raw/RAVDESS/Actor_02/03-01-03-01-02-01-02.wav,03,01,03,happy,01,02,01,2
/home/jupyter-dinuanandcr.23cse/project/Quantum_Audio_Emotion/Quantum_audio/data/raw/RAVDESS/Actor_02/03-01-03-01-02-02-02.wav,03,01,03,happy,01,02,02,2
/home/jupyter-dinuanandcr.23cse/project/Quantum_Audio_Emotion/Quantum_audio/data/raw/RAVDESS/Actor_02/03-01-03-02-01-01-02.wav,03,01,03,happy,02,01,01,2
/home/jupyter-dinuanandcr.23cse/project/Quantum_Audio_Emotion/Quantum_audio/data/raw/RAVDESS/Actor_02/03-01-03-02-01-02-02.wav,03,01,03,happy,02,01,02,2
/home/jupyter-dinuanandcr.23cse/project/Quantum_Audio_Emotion/Quantum_audio/data/raw/RAVDESS/Actor_02/03-01-03-02-02-01-02.wav,03,01,03,happy,02,02,01,2
/home/jupyter-dinuanandcr.23cse/project/Quantum_Audio_Emotion/Quantum_audio/data/raw/RAVDESS/Actor_02/03-01-03-02-02-02-02.wav,03,01,03,happy,02,02,02,2
/home/jupyter-dinuanandcr.23cse/project/Quantum_Audio_Emotion/Quantum_audio/data/raw/RAVDESS/Actor_02/03-01-04-01-01-01-02.wav,03,01,04,sad,01,01,01,2
/home/jupyter-dinuanandcr.23cse/project/Quantum_Audio_Emotion/Quantum_audio/data/raw/RAVDESS/Actor_02/03-01-04-01-01-02-02.wav,03,01,04,sad,01,01,02,2
/home/jupyter-dinuanandcr.23cse/project/Quantum_Audio_Emotion/Quantum_audio/data/raw/RAVDESS/Actor_02/03-01-04-01-02-01-02.wav,03,01,04,sad,01,02,01,2
/home/jupyter-dinuanandcr.23cse/project/Quantum_Audio_Emotion/Quantum_audio/data/raw/RAVDESS/Actor_02/03-01-04-01-02-02-02.wav,03,01,04,sad,01,02,02,2
/home/jupyter-dinuanandcr.23cse/project/Quantum_Audio_Emotion/Quantum_audio/data/raw/RAVDESS/Actor_02/03-01-04-02-01-01-02.wav,03,01,04,sad,02,01,01,2
/home/jupyter-dinuanandcr.23cse/project/Quantum_Audio_Emotion/Quantum_audio/data/raw/RAVDESS/Actor_02/03-01-04-02-01-02-02.wav,03,01,04,sad,02,01,02,2
/home/jupyter-dinuanandcr.23cse/project/Quantum_Audio_Emotion/Quantum_audio/data/raw/RAVDESS/Actor_02/03-01-04-02-02-01-02.wav,03,01,04,sad,02,02,01,2
/home/jupyter-dinuanandcr.23cse/project/Quantum_Audio_Emotion/Quantum_audio/data/raw/RAVDESS/Actor_02/03-01-04-02-02-02-02.wav,03,01,04,sad,02,02,02,2
/home/jupyter-dinuanandcr.23cse/project/Quantum_Audio_Emotion/Quantum_audio/data/raw/RAVDESS/Actor_02/03-01-05-01-01-01-02.wav,03,01,05,angry,01,01,01,2
/home/jupyter-dinuanandcr.23cse/project/Quantum_Audio_Emotion/Quantum_audio/data/raw/RAVDESS/Actor_02/03-01-05-01-01-02-02.wav,03,01,05,angry,01,01,02,2
/home/jupyter-dinuanandcr.23cse/project/Quantum_Audio_Emotion/Quantum_audio/data/raw/RAVDESS/Actor_02/03-01-05-01-02-01-02.wav,03,01,05,angry,01,02,01,2
/home/jupyter-dinuanandcr.23cse/project/Quantum_Audio_Emotion/Quantum_audio/data/raw/RAVDESS/Actor_02/03-01-05-01-02-02-02.wav,03,01,05,angry,01,02,02,2
/home/jupyter-dinuanandcr.23cse/project/Quantum_Audio_Emotion/Quantum_audio/data/raw/RAVDESS/Actor_02/03-01-05-02-01-01-02.wav,03,01,05,angry,02,01,01,2
/home/jupyter-dinuanandcr.23cse/project/Quantum_Audio_Emotion/Quantum_audio/data/raw/RAVDESS/Actor_02/03-01-05-02-01-02-02.wav,03,01,05,angry,02,01,02,2
/home/jupyter-dinuanandcr.23cse/project/Quantum_Audio_Emotion/Quantum_audio/data/raw/RAVDESS/Actor_02/03-01-05-02-02-01-02.wav,03,01,05,angry,02,02,01,2
/home/jupyter-dinuanandcr.23cse/project/Quantum_Audio_Emotion/Quantum_audio/data/raw/RAVDESS/Actor_02/03-01-05-02-02-02-02.wav,03,01,05,angry,02,02,02,2
/home/jupyter-dinuanandcr.23cse/project/Quantum_Audio_Emotion/Quantum_audio/data/raw/RAVDESS/Actor_02/03-01-06-01-01-01-02.wav,03,01,06,fearful,01,01,01,2
/home/jupyter-dinuanandcr.23cse/project/Quantum_Audio_Emotion/Quantum_audio/data/raw/RAVDESS/Actor_02/03-01-06-01-01-02-02.wav,03,01,06,fearful,01,01,02,2
/home/jupyter-dinuanandcr.23cse/project/Quantum_Audio_Emotion/Quantum_audio/data/raw/RAVDESS/Actor_02/03-01-06-01-02-01-02.wav,03,01,06,fearful,01,02,01,2
/home/jupyter-dinuanandcr.23cse/project/Quantum_Audio_Emotion/Quantum_audio/data/raw/RAVDESS/Actor_02/03-01-06-01-02-02-02.wav,03,01,06,fearful,01,02,02,2
/home/jupyter-dinuanandcr.23cse/project/Quantum_Audio_Emotion/Quantum_audio/data/raw/RAVDESS/Actor_02/03-01-06-02-01-01-02.wav,03,01,06,fearful,02,01,01,2
/home/jupyter-dinuanandcr.23cse/project/Quantum_Audio_Emotion/Quantum_audio/data/raw/RAVDESS/Actor_02/03-01-06-02-01-02-02.wav,03,01,06,fearful,02,01,02,2
/home/jupyter-dinuanandcr.23cse/project/Quantum_Audio_Emotion/Quantum_audio/data/raw/RAVDESS/Actor_02/03-01-06-02-02-01-02.wav,03,01,06,fearful,02,02,01,2
/home/jupyter-dinuanandcr.23cse/project/Quantum_Audio_Emotion/Quantum_audio/data/raw/RAVDESS/Actor_02/03-01-06-02-02-02-02.wav,03,01,06,fearful,02,02,02,2
/home/jupyter-dinuanandcr.23cse/project/Quantum_Audio_Emotion/Quantum_audio/data/raw/RAVDESS/Actor_02/03-01-07-01-01-01-02.wav,03,01,07,disgust,01,01,01,2
/home/jupyter-dinuanandcr.23cse/project/Quantum_Audio_Emotion/Quantum_audio/data/raw/RAVDESS/Actor_02/03-01-07-01-01-02-02.wav,03,01,07,disgust,01,01,02,2
/home/jupyter-dinuanandcr.23cse/project/Quantum_Audio_Emotion/Quantum_audio/data/raw/RAVDESS/Actor_02/03-01-07-01-02-01-02.wav,03,01,07,disgust,01,02,01,2
/home/jupyter-dinuanandcr.23cse/project/Quantum_Audio_Emotion/Quantum_audio/data/raw/RAVDESS/Actor_02/03-01-07-01-02-02-02.wav,03,01,07,disgust,01,02,02,2
/home/jupyter-dinuanandcr.23cse/project/Quantum_Audio_Emotion/Quantum_audio/data/raw/RAVDESS/Actor_02/03-01-07-02-01-01-02.wav,03,01,07,disgust,02,01,01,2
/home/jupyter-dinuanandcr.23cse/project/Quantum_Audio_Emotion/Quantum_audio/data/raw/RAVDESS/Actor_02/03-01-07-02-01-02-02.wav,03,01,07,disgust,02,01,02,2
/home/jupyter-dinuanandcr.23cse/project/Quantum_Audio_Emotion/Quantum_audio/data/raw/RAVDESS/Actor_02/03-01-07-02-02-01-02.wav,03,01,07,disgust,02,02,01,2
/home/jupyter-dinuanandcr.23cse/project/Quantum_Audio_Emotion/Quantum_audio/data/raw/RAVDESS/Actor_02/03-01-07-02-02-02-02.wav,03,01,07,disgust,02,02,02,2
/home/jupyter-dinuanandcr.23cse/project/Quantum_Audio_Emotion/Quantum_audio/data/raw/RAVDESS/Actor_02/03-01-08-01-01-01-02.wav,03,01,08,surprised,01,01,01,2
/home/jupyter-dinuanandcr.23cse/project/Quantum_Audio_Emotion/Quantum_audio/data/raw/RAVDESS/Actor_02/03-01-08-01-01-02-02.wav,03,01,08,surprised,01,01,02,2
/home/jupyter-dinuanandcr.23cse/project/Quantum_Audio_Emotion/Quantum_audio/data/raw/RAVDESS/Actor_02/03-01-08-01-02-01-02.wav,03,01,08,surprised,01,02,01,2
/home/jupyter-dinuanandcr.23cse/project/Quantum_Audio_Emotion/Quantum_audio/data/raw/RAVDESS/Actor_02/03-01-08-01-02-02-02.wav,03,01,08,surprised,01,02,02,2
/home/jupyter-dinuanandcr.23cse/project/Quantum_Audio_Emotion/Quantum_audio/data/raw/RAVDESS/Actor_02/03-01-08-02-01-01-02.wav,03,01,08,surprised,02,01,01,2
/home/jupyter-dinuanandcr.23cse/project/Quantum_Audio_Emotion/Quantum_audio/data/raw/RAVDESS/Actor_02/03-01-08-02-01-02-02.wav,03,01,08,surprised,02,01,02,2
/home/jupyter-dinuanandcr.23cse/project/Quantum_Audio_Emotion/Quantum_audio/data/raw/RAVDESS/Actor_02/03-01-08-02-02-01-02.wav,03,01,08,surprised,02,02,01,2
/home/jupyter-dinuanandcr.23cse/project/Quantum_Audio_Emotion/Quantum_audio/data/raw/RAVDESS/Actor_02/03-01-08-02-02-02-02.wav,03,01,08,surprised,02,02,02,2
/home/jupyter-dinuanandcr.23cse/project/Quantum_Audio_Emotion/Quantum_audio/data/raw/RAVDESS/Actor_03/03-01-01-01-01-01-03.wav,03,01,01,neutral,01,01,01,3
/home/jupyter-dinuanandcr.23cse/project/Quantum_Audio_Emotion/Quantum_audio/data/raw/RAVDESS/Actor_03/03-01-01-01-01-02-03.wav,03,01,01,neutral,01,01,02,3
/home/jupyter-dinuanandcr.23cse/project/Quantum_Audio_Emotion/Quantum_audio/data/raw/RAVDESS/Actor_03/03-01-01-01-02-01-03.wav,03,01,01,neutral,01,02,01,3
/home/jupyter-dinuanandcr.23cse/project/Quantum_Audio_Emotion/Quantum_audio/data/raw/RAVDESS/Actor_03/03-01-01-01-02-02-03.wav,03,01,01,neutral,01,02,02,3
/home/jupyter-dinuanandcr.23cse/project/Quantum_Audio_Emotion/Quantum_audio/data/raw/RAVDESS/Actor_03/03-01-02-01-01-01-03.wav,03,01,02,calm,01,01,01,3
/home/jupyter-dinuanandcr.23cse/project/Quantum_Audio_Emotion/Quantum_audio/data/raw/RAVDESS/Actor_03/03-01-02-01-01-02-03.wav,03,01,02,calm,01,01,02,3
/home/jupyter-dinuanandcr.23cse/project/Quantum_Audio_Emotion/Quantum_audio/data/raw/RAVDESS/Actor_03/03-01-02-01-02-01-03.wav,03,01,02,calm,01,02,01,3
/home/jupyter-dinuanandcr.23cse/project/Quantum_Audio_Emotion/Quantum_audio/data/raw/RAVDESS/Actor_03/03-01-02-01-02-02-03.wav,03,01,02,calm,01,02,02,3
/home/jupyter-dinuanandcr.23cse/project/Quantum_Audio_Emotion/Quantum_audio/data/raw/RAVDESS/Actor_03/03-01-02-02-01-01-03.wav,03,01,02,calm,02,01,01,3
/home/jupyter-dinuanandcr.23cse/project/Quantum_Audio_Emotion/Quantum_audio/data/raw/RAVDESS/Actor_03/03-01-02-02-01-02-03.wav,03,01,02,calm,02,01,02,3
/home/jupyter-dinuanandcr.23cse/project/Quantum_Audio_Emotion/Quantum_audio/data/raw/RAVDESS/Actor_03/03-01-02-02-02-01-03.wav,03,01,02,calm,02,02,01,3
/home/jupyter-dinuanandcr.23cse/project/Quantum_Audio_Emotion/Quantum_audio/data/raw/RAVDESS/Actor_03/03-01-02-02-02-02-03.wav,03,01,02,calm,02,02,02,3
/home/jupyter-dinuanandcr.23cse/project/Quantum_Audio_Emotion/Quantum_audio/data/raw/RAVDESS/Actor_03/03-01-03-01-01-01-03.wav,03,01,03,happy,01,01,01,3
/home/jupyter-dinuanandcr.23cse/project/Quantum_Audio_Emotion/Quantum_audio/data/raw/RAVDESS/Actor_03/03-01-03-01-01-02-03.wav,03,01,03,happy,01,01,02,3
/home/jupyter-dinuanandcr.23cse/project/Quantum_Audio_Emotion/Quantum_audio/data/raw/RAVDESS/Actor_03/03-01-03-01-02-01-03.wav,03,01,03,happy,01,02,01,3
/home/jupyter-dinuanandcr.23cse/project/Quantum_Audio_Emotion/Quantum_audio/data/raw/RAVDESS/Actor_03/03-01-03-01-02-02-03.wav,03,01,03,happy,01,02,02,3
/home/jupyter-dinuanandcr.23cse/project/Quantum_Audio_Emotion/Quantum_audio/data/raw/RAVDESS/Actor_03/03-01-03-02-01-01-03.wav,03,01,03,happy,02,01,01,3
/home/jupyter-dinuanandcr.23cse/project/Quantum_Audio_Emotion/Quantum_audio/data/raw/RAVDESS/Actor_03/03-01-03-02-01-02-03.wav,03,01,03,happy,02,01,02,3
/home/jupyter-dinuanandcr.23cse/project/Quantum_Audio_Emotion/Quantum_audio/data/raw/RAVDESS/Actor_03/03-01-03-02-02-01-03.wav,03,01,03,happy,02,02,01,3
/home/jupyter-dinuanandcr.23cse/project/Quantum_Audio_Emotion/Quantum_audio/data/raw/RAVDESS/Actor_03/03-01-03-02-02-02-03.wav,03,01,03,happy,02,02,02,3
/home/jupyter-dinuanandcr.23cse/project/Quantum_Audio_Emotion/Quantum_audio/data/raw/RAVDESS/Actor_03/03-01-04-01-01-01-03.wav,03,01,04,sad,01,01,01,3
/home/jupyter-dinuanandcr.23cse/project/Quantum_Audio_Emotion/Quantum_audio/data/raw/RAVDESS/Actor_03/03-01-04-01-01-02-03.wav,03,01,04,sad,01,01,02,3
/home/jupyter-dinuanandcr.23cse/project/Quantum_Audio_Emotion/Quantum_audio/data/raw/RAVDESS/Actor_03/03-01-04-01-02-01-03.wav,03,01,04,sad,01,02,01,3
/home/jupyter-dinuanandcr.23cse/project/Quantum_Audio_Emotion/Quantum_audio/data/raw/RAVDESS/Actor_03/03-01-04-01-02-02-03.wav,03,01,04,sad,01,02,02,3
/home/jupyter-dinuanandcr.23cse/project/Quantum_Audio_Emotion/Quantum_audio/data/raw/RAVDESS/Actor_03/03-01-04-02-01-01-03.wav,03,01,04,sad,02,01,01,3
/home/jupyter-dinuanandcr.23cse/project/Quantum_Audio_Emotion/Quantum_audio/data/raw/RAVDESS/Actor_03/03-01-04-02-01-02-03.wav,03,01,04,sad,02,01,02,3
/home/jupyter-dinuanandcr.23cse/project/Quantum_Audio_Emotion/Quantum_audio/data/raw/RAVDESS/Actor_03/03-01-04-02-02-01-03.wav,03,01,04,sad,02,02,01,3
/home/jupyter-dinuanandcr.23cse/project/Quantum_Audio_Emotion/Quantum_audio/data/raw/RAVDESS/Actor_03/03-01-04-02-02-02-03.wav,03,01,04,sad,02,02,02,3
/home/jupyter-dinuanandcr.23cse/project/Quantum_Audio_Emotion/Quantum_audio/data/raw/RAVDESS/Actor_03/03-01-05-01-01-01-03.wav,03,01,05,angry,01,01,01,3
/home/jupyter-dinuanandcr.23cse/project/Quantum_Audio_Emotion/Quantum_audio/data/raw/RAVDESS/Actor_03/03-01-05-01-01-02-03.wav,03,01,05,angry,01,01,02,3
/home/jupyter-dinuanandcr.23cse/project/Quantum_Audio_Emotion/Quantum_audio/data/raw/RAVDESS/Actor_03/03-01-05-01-02-01-03.wav,03,01,05,angry,01,02,01,3
/home/jupyter-dinuanandcr.23cse/project/Quantum_Audio_Emotion/Quantum_audio/data/raw/RAVDESS/Actor_03/03-01-05-01-02-02-03.wav,03,01,05,angry,01,02,02,3
/home/jupyter-dinuanandcr.23cse/project/Quantum_Audio_Emotion/Quantum_audio/data/raw/RAVDESS/Actor_03/03-01-05-02-01-01-03.wav,03,01,05,angry,02,01,01,3
/home/jupyter-dinuanandcr.23cse/project/Quantum_Audio_Emotion/Quantum_audio/data/raw/RAVDESS/Actor_03/03-01-05-02-01-02-03.wav,03,01,05,angry,02,01,02,3
/home/jupyter-dinuanandcr.23cse/project/Quantum_Audio_Emotion/Quantum_audio/data/raw/RAVDESS/Actor_03/03-01-05-02-02-01-03.wav,03,01,05,angry,02,02,01,3
/home/jupyter-dinuanandcr.23cse/project/Quantum_Audio_Emotion/Quantum_audio/data/raw/RAVDESS/Actor_03/03-01-05-02-02-02-03.wav,03,01,05,angry,02,02,02,3
/home/jupyter-dinuanandcr.23cse/project/Quantum_Audio_Emotion/Quantum_audio/data/raw/RAVDESS/Actor_03/03-01-06-01-01-01-03.wav,03,01,06,fearful,01,01,01,3
/home/jupyter-dinuanandcr.23cse/project/Quantum_Audio_Emotion/Quantum_audio/data/raw/RAVDESS/Actor_03/03-01-06-01-01-02-03.wav,03,01,06,fearful,01,01,02,3
/home/jupyter-dinuanandcr.23cse/project/Quantum_Audio_Emotion/Quantum_audio/data/raw/RAVDESS/Actor_03/03-01-06-01-02-01-03.wav,03,01,06,fearful,01,02,01,3
/home/jupyter-dinuanandcr.23cse/project/Quantum_Audio_Emotion/Quantum_audio/data/raw/RAVDESS/Actor_03/03-01-06-01-02-02-03.wav,03,01,06,fearful,01,02,02,3
/home/jupyter-dinuanandcr.23cse/project/Quantum_Audio_Emotion/Quantum_audio/data/raw/RAVDESS/Actor_03/03-01-06-02-01-01-03.wav,03,01,06,fearful,02,01,01,3
/home/jupyter-dinuanandcr.23cse/project/Quantum_Audio_Emotion/Quantum_audio/data/raw/RAVDESS/Actor_03/03-01-06-02-01-02-03.wav,03,01,06,fearful,02,01,02,3
/home/jupyter-dinuanandcr.23cse/project/Quantum_Audio_Emotion/Quantum_audio/data/raw/RAVDESS/Actor_03/03-01-06-02-02-01-03.wav,03,01,06,fearful,02,02,01,3
/home/jupyter-dinuanandcr.23cse/project/Quantum_Audio_Emotion/Quantum_audio/data/raw/RAVDESS/Actor_03/03-01-06-02-02-02-03.wav,03,01,06,fearful,02,02,02,3
/home/jupyter-dinuanandcr.23cse/project/Quantum_Audio_Emotion/Quantum_audio/data/raw/RAVDESS/Actor_03/03-01-07-01-01-01-03.wav,03,01,07,disgust,01,01,01,3
/home/jupyter-dinuanandcr.23cse/project/Quantum_Audio_Emotion/Quantum_audio/data/raw/RAVDESS/Actor_03/03-01-07-01-01-02-03.wav,03,01,07,disgust,01,01,02,3
/home/jupyter-dinuanandcr.23cse/project/Quantum_Audio_Emotion/Quantum_audio/data/raw/RAVDESS/Actor_03/03-01-07-01-02-01-03.wav,03,01,07,disgust,01,02,01,3
/home/jupyter-dinuanandcr.23cse/project/Quantum_Audio_Emotion/Quantum_audio/data/raw/RAVDESS/Actor_03/03-01-07-01-02-02-03.wav,03,01,07,disgust,01,02,02,3
/home/jupyter-dinuanandcr.23cse/project/Quantum_Audio_Emotion/Quantum_audio/data/raw/RAVDESS/Actor_03/03-01-07-02-01-01-03.wav,03,01,07,disgust,02,01,01,3
/home/jupyter-dinuanandcr.23cse/project/Quantum_Audio_Emotion/Quantum_audio/data/raw/RAVDESS/Actor_03/03-01-07-02-01-02-03.wav,03,01,07,disgust,02,01,02,3
/home/jupyter-dinuanandcr.23cse/project/Quantum_Audio_Emotion/Quantum_audio/data/raw/RAVDESS/Actor_03/03-01-07-02-02-01-03.wav,03,01,07,disgust,02,02,01,3
/home/jupyter-dinuanandcr.23cse/project/Quantum_Audio_Emotion/Quantum_audio/data/raw/RAVDESS/Actor_03/03-01-07-02-02-02-03.wav,03,01,07,disgust,02,02,02,3
/home/jupyter-dinuanandcr.23cse/project/Quantum_Audio_Emotion/Quantum_audio/data/raw/RAVDESS/Actor_03/03-01-08-01-01-01-03.wav,03,01,08,surprised,01,01,01,3
/home/jupyter-dinuanandcr.23cse/project/Quantum_Audio_Emotion/Quantum_audio/data/raw/RAVDESS/Actor_03/03-01-08-01-01-02-03.wav,03,01,08,surprised,01,01,02,3
/home/jupyter-dinuanandcr.23cse/project/Quantum_Audio_Emotion/Quantum_audio/data/raw/RAVDESS/Actor_03/03-01-08-01-02-01-03.wav,03,01,08,surprised,01,02,01,3
/home/jupyter-dinuanandcr.23cse/project/Quantum_Audio_Emotion/Quantum_audio/data/raw/RAVDESS/Actor_03/03-01-08-01-02-02-03.wav,03,01,08,surprised,01,02,02,3
/home/jupyter-dinuanandcr.23cse/project/Quantum_Audio_Emotion/Quantum_audio/data/raw/RAVDESS/Actor_03/03-01-08-02-01-01-03.wav,03,01,08,surprised,02,01,01,3
/home/jupyter-dinuanandcr.23cse/project/Quantum_Audio_Emotion/Quantum_audio/data/raw/RAVDESS/Actor_03/03-01-08-02-01-02-03.wav,03,01,08,surprised,02,01,02,3
/home/jupyter-dinuanandcr.23cse/project/Quantum_Audio_Emotion/Quantum_audio/data/raw/RAVDESS/Actor_03/03-01-08-02-02-01-03.wav,03,01,08,surprised,02,02,01,3
/home/jupyter-dinuanandcr.23cse/project/Quantum_Audio_Emotion/Quantum_audio/data/raw/RAVDESS/Actor_03/03-01-08-02-02-02-03.wav,03,01,08,surprised,02,02,02,3
/home/jupyter-dinuanandcr.23cse/project/Quantum_Audio_Emotion/Quantum_audio/data/raw/RAVDESS/Actor_04/03-01-01-01-01-01-04.wav,03,01,01,neutral,01,01,01,4
/home/jupyter-dinuanandcr.23cse/project/Quantum_Audio_Emotion/Quantum_audio/data/raw/RAVDESS/Actor_04/03-01-01-01-01-02-04.wav,03,01,01,neutral,01,01,02,4
/home/jupyter-dinuanandcr.23cse/project/Quantum_Audio_Emotion/Quantum_audio/data/raw/RAVDESS/Actor_04/03-01-01-01-02-01-04.wav,03,01,01,neutral,01,02,01,4
/home/jupyter-dinuanandcr.23cse/project/Quantum_Audio_Emotion/Quantum_audio/data/raw/RAVDESS/Actor_04/03-01-01-01-02-02-04.wav,03,01,01,neutral,01,02,02,4
/home/jupyter-dinuanandcr.23cse/project/Quantum_Audio_Emotion/Quantum_audio/data/raw/RAVDESS/Actor_04/03-01-02-01-01-01-04.wav,03,01,02,calm,01,01,01,4
/home/jupyter-dinuanandcr.23cse/project/Quantum_Audio_Emotion/Quantum_audio/data/raw/RAVDESS/Actor_04/03-01-02-01-01-02-04.wav,03,01,02,calm,01,01,02,4
/home/jupyter-dinuanandcr.23cse/project/Quantum_Audio_Emotion/Quantum_audio/data/raw/RAVDESS/Actor_04/03-01-02-01-02-01-04.wav,03,01,02,calm,01,02,01,4
/home/jupyter-dinuanandcr.23cse/project/Quantum_Audio_Emotion/Quantum_audio/data/raw/RAVDESS/Actor_04/03-01-02-01-02-02-04.wav,03,01,02,calm,01,02,02,4
/home/jupyter-dinuanandcr.23cse/project/Quantum_Audio_Emotion/Quantum_audio/data/raw/RAVDESS/Actor_04/03-01-02-02-01-01-04.wav,03,01,02,calm,02,01,01,4
/home/jupyter-dinuanandcr.23cse/project/Quantum_Audio_Emotion/Quantum_audio/data/raw/RAVDESS/Actor_04/03-01-02-02-01-02-04.wav,03,01,02,calm,02,01,02,4
/home/jupyter-dinuanandcr.23cse/project/Quantum_Audio_Emotion/Quantum_audio/data/raw/RAVDESS/Actor_04/03-01-02-02-02-01-04.wav,03,01,02,calm,02,02,01,4
/home/jupyter-dinuanandcr.23cse/project/Quantum_Audio_Emotion/Quantum_audio/data/raw/RAVDESS/Actor_04/03-01-02-02-02-02-04.wav,03,01,02,calm,02,02,02,4
/home/jupyter-dinuanandcr.23cse/project/Quantum_Audio_Emotion/Quantum_audio/data/raw/RAVDESS/Actor_04/03-01-03-01-01-01-04.wav,03,01,03,happy,01,01,01,4
/home/jupyter-dinuanandcr.23cse/project/Quantum_Audio_Emotion/Quantum_audio/data/raw/RAVDESS/Actor_04/03-01-03-01-01-02-04.wav,03,01,03,happy,01,01,02,4
/home/jupyter-dinuanandcr.23cse/project/Quantum_Audio_Emotion/Quantum_audio/data/raw/RAVDESS/Actor_04/03-01-03-01-02-01-04.wav,03,01,03,happy,01,02,01,4
/home/jupyter-dinuanandcr.23cse/project/Quantum_Audio_Emotion/Quantum_audio/data/raw/RAVDESS/Actor_04/03-01-03-01-02-02-04.wav,03,01,03,happy,01,02,02,4
/home/jupyter-dinuanandcr.23cse/project/Quantum_Audio_Emotion/Quantum_audio/data/raw/RAVDESS/Actor_04/03-01-03-02-01-01-04.wav,03,01,03,happy,02,01,01,4
/home/jupyter-dinuanandcr.23cse/project/Quantum_Audio_Emotion/Quantum_audio/data/raw/RAVDESS/Actor_04/03-01-03-02-01-02-04.wav,03,01,03,happy,02,01,02,4
/home/jupyter-dinuanandcr.23cse/project/Quantum_Audio_Emotion/Quantum_audio/data/raw/RAVDESS/Actor_04/03-01-03-02-02-01-04.wav,03,01,03,happy,02,02,01,4
/home/jupyter-dinuanandcr.23cse/project/Quantum_Audio_Emotion/Quantum_audio/data/raw/RAVDESS/Actor_04/03-01-03-02-02-02-04.wav,03,01,03,happy,02,02,02,4
/home/jupyter-dinuanandcr.23cse/project/Quantum_Audio_Emotion/Quantum_audio/data/raw/RAVDESS/Actor_04/03-01-04-01-01-01-04.wav,03,01,04,sad,01,01,01,4
/home/jupyter-dinuanandcr.23cse/project/Quantum_Audio_Emotion/Quantum_audio/data/raw/RAVDESS/Actor_04/03-01-04-01-01-02-04.wav,03,01,04,sad,01,01,02,4
/home/jupyter-dinuanandcr.23cse/project/Quantum_Audio_Emotion/Quantum_audio/data/raw/RAVDESS/Actor_04/03-01-04-01-02-01-04.wav,03,01,04,sad,01,02,01,4
/home/jupyter-dinuanandcr.23cse/project/Quantum_Audio_Emotion/Quantum_audio/data/raw/RAVDESS/Actor_04/03-01-04-01-02-02-04.wav,03,01,04,sad,01,02,02,4
/home/jupyter-dinuanandcr.23cse/project/Quantum_Audio_Emotion/Quantum_audio/data/raw/RAVDESS/Actor_04/03-01-04-02-01-01-04.wav,03,01,04,sad,02,01,01,4
/home/jupyter-dinuanandcr.23cse/project/Quantum_Audio_Emotion/Quantum_audio/data/raw/RAVDESS/Actor_04/03-01-04-02-01-02-04.wav,03,01,04,sad,02,01,02,4
/home/jupyter-dinuanandcr.23cse/project/Quantum_Audio_Emotion/Quantum_audio/data/raw/RAVDESS/Actor_04/03-01-04-02-02-01-04.wav,03,01,04,sad,02,02,01,4
/home/jupyter-dinuanandcr.23cse/project/Quantum_Audio_Emotion/Quantum_audio/data/raw/RAVDESS/Actor_04/03-01-04-02-02-02-04.wav,03,01,04,sad,02,02,02,4
/home/jupyter-dinuanandcr.23cse/project/Quantum_Audio_Emotion/Quantum_audio/data/raw/RAVDESS/Actor_04/03-01-05-01-01-01-04.wav,03,01,05,angry,01,01,01,4
/home/jupyter-dinuanandcr.23cse/project/Quantum_Audio_Emotion/Quantum_audio/data/raw/RAVDESS/Actor_04/03-01-05-01-01-02-04.wav,03,01,05,angry,01,01,02,4
/home/jupyter-dinuanandcr.23cse/project/Quantum_Audio_Emotion/Quantum_audio/data/raw/RAVDESS/Actor_04/03-01-05-01-02-01-04.wav,03,01,05,angry,01,02,01,4
/home/jupyter-dinuanandcr.23cse/project/Quantum_Audio_Emotion/Quantum_audio/data/raw/RAVDESS/Actor_04/03-01-05-01-02-02-04.wav,03,01,05,angry,01,02,02,4
/home/jupyter-dinuanandcr.23cse/project/Quantum_Audio_Emotion/Quantum_audio/data/raw/RAVDESS/Actor_04/03-01-05-02-01-01-04.wav,03,01,05,angry,02,01,01,4
/home/jupyter-dinuanandcr.23cse/project/Quantum_Audio_Emotion/Quantum_audio/data/raw/RAVDESS/Actor_04/03-01-05-02-01-02-04.wav,03,01,05,angry,02,01,02,4
/home/jupyter-dinuanandcr.23cse/project/Quantum_Audio_Emotion/Quantum_audio/data/raw/RAVDESS/Actor_04/03-01-05-02-02-01-04.wav,03,01,05,angry,02,02,01,4
/home/jupyter-dinuanandcr.23cse/project/Quantum_Audio_Emotion/Quantum_audio/data/raw/RAVDESS/Actor_04/03-01-05-02-02-02-04.wav,03,01,05,angry,02,02,02,4
/home/jupyter-dinuanandcr.23cse/project/Quantum_Audio_Emotion/Quantum_audio/data/raw/RAVDESS/Actor_04/03-01-06-01-01-01-04.wav,03,01,06,fearful,01,01,01,4
/home/jupyter-dinuanandcr.23cse/project/Quantum_Audio_Emotion/Quantum_audio/data/raw/RAVDESS/Actor_04/03-01-06-01-01-02-04.wav,03,01,06,fearful,01,01,02,4
/home/jupyter-dinuanandcr.23cse/project/Quantum_Audio_Emotion/Quantum_audio/data/raw/RAVDESS/Actor_04/03-01-06-01-02-01-04.wav,03,01,06,fearful,01,02,01,4
/home/jupyter-dinuanandcr.23cse/project/Quantum_Audio_Emotion/Quantum_audio/data/raw/RAVDESS/Actor_04/03-01-06-01-02-02-04.wav,03,01,06,fearful,01,02,02,4
/home/jupyter-dinuanandcr.23cse/project/Quantum_Audio_Emotion/Quantum_audio/data/raw/RAVDESS/Actor_04/03-01-06-02-01-01-04.wav,03,01,06,fearful,02,01,01,4
/home/jupyter-dinuanandcr.23cse/project/Quantum_Audio_Emotion/Quantum_audio/data/raw/RAVDESS/Actor_04/03-01-06-02-01-02-04.wav,03,01,06,fearful,02,01,02,4
/home/jupyter-dinuanandcr.23cse/project/Quantum_Audio_Emotion/Quantum_audio/data/raw/RAVDESS/Actor_04/03-01-06-02-02-01-04.wav,03,01,06,fearful,02,02,01,4
/home/jupyter-dinuanandcr.23cse/project/Quantum_Audio_Emotion/Quantum_audio/data/raw/RAVDESS/Actor_04/03-01-06-02-02-02-04.wav,03,01,06,fearful,02,02,02,4
/home/jupyter-dinuanandcr.23cse/project/Quantum_Audio_Emotion/Quantum_audio/data/raw/RAVDESS/Actor_04/03-01-07-01-01-01-04.wav,03,01,07,disgust,01,01,01,4
/home/jupyter-dinuanandcr.23cse/project/Quantum_Audio_Emotion/Quantum_audio/data/raw/RAVDESS/Actor_04/03-01-07-01-01-02-04.wav,03,01,07,disgust,01,01,02,4
/home/jupyter-dinuanandcr.23cse/project/Quantum_Audio_Emotion/Quantum_audio/data/raw/RAVDESS/Actor_04/03-01-07-01-02-01-04.wav,03,01,07,disgust,01,02,01,4
/home/jupyter-dinuanandcr.23cse/project/Quantum_Audio_Emotion/Quantum_audio/data/raw/RAVDESS/Actor_04/03-01-07-01-02-02-04.wav,03,01,07,disgust,01,02,02,4
/home/jupyter-dinuanandcr.23cse/project/Quantum_Audio_Emotion/Quantum_audio/data/raw/RAVDESS/Actor_04/03-01-07-02-01-01-04.wav,03,01,07,disgust,02,01,01,4
/home/jupyter-dinuanandcr.23cse/project/Quantum_Audio_Emotion/Quantum_audio/data/raw/RAVDESS/Actor_04/03-01-07-02-01-02-04.wav,03,01,07,disgust,02,01,02,4
/home/jupyter-dinuanandcr.23cse/project/Quantum_Audio_Emotion/Quantum_audio/data/raw/RAVDESS/Actor_04/03-01-07-02-02-01-04.wav,03,01,07,disgust,02,02,01,4
/home/jupyter-dinuanandcr.23cse/project/Quantum_Audio_Emotion/Quantum_audio/data/raw/RAVDESS/Actor_04/03-01-07-02-02-02-04.wav,03,01,07,disgust,02,02,02,4
/home/jupyter-dinuanandcr.23cse/project/Quantum_Audio_Emotion/Quantum_audio/data/raw/RAVDESS/Actor_04/03-01-08-01-01-01-04.wav,03,01,08,surprised,01,01,01,4
/home/jupyter-dinuanandcr.23cse/project/Quantum_Audio_Emotion/Quantum_audio/data/raw/RAVDESS/Actor_04/03-01-08-01-01-02-04.wav,03,01,08,surprised,01,01,02,4
/home/jupyter-dinuanandcr.23cse/project/Quantum_Audio_Emotion/Quantum_audio/data/raw/RAVDESS/Actor_04/03-01-08-01-02-01-04.wav,03,01,08,surprised,01,02,01,4
/home/jupyter-dinuanandcr.23cse/project/Quantum_Audio_Emotion/Quantum_audio/data/raw/RAVDESS/Actor_04/03-01-08-01-02-02-04.wav,03,01,08,surprised,01,02,02,4
/home/jupyter-dinuanandcr.23cse/project/Quantum_Audio_Emotion/Quantum_audio/data/raw/RAVDESS/Actor_04/03-01-08-02-01-01-04.wav,03,01,08,surprised,02,01,01,4
/home/jupyter-dinuanandcr.23cse/project/Quantum_Audio_Emotion/Quantum_audio/data/raw/RAVDESS/Actor_04/03-01-08-02-01-02-04.wav,03,01,08,surprised,02,01,02,4
/home/jupyter-dinuanandcr.23cse/project/Quantum_Audio_Emotion/Quantum_audio/data/raw/RAVDESS/Actor_04/03-01-08-02-02-01-04.wav,03,01,08,surprised,02,02,01,4
/home/jupyter-dinuanandcr.23cse/project/Quantum_Audio_Emotion/Quantum_audio/data/raw/RAVDESS/Actor_04/03-01-08-02-02-02-04.wav,03,01,08,surprised,02,02,02,4
/home/jupyter-dinuanandcr.23cse/project/Quantum_Audio_Emotion/Quantum_audio/data/raw/RAVDESS/Actor_05/03-01-01-01-01-01-05.wav,03,01,01,neutral,01,01,01,5
/home/jupyter-dinuanandcr.23cse/project/Quantum_Audio_Emotion/Quantum_audio/data/raw/RAVDESS/Actor_05/03-01-01-01-01-02-05.wav,03,01,01,neutral,01,01,02,5
/home/jupyter-dinuanandcr.23cse/project/Quantum_Audio_Emotion/Quantum_audio/data/raw/RAVDESS/Actor_05/03-01-01-01-02-01-05.wav,03,01,01,neutral,01,02,01,5
/home/jupyter-dinuanandcr.23cse/project/Quantum_Audio_Emotion/Quantum_audio/data/raw/RAVDESS/Actor_05/03-01-01-01-02-02-05.wav,03,01,01,neutral,01,02,02,5
/home/jupyter-dinuanandcr.23cse/project/Quantum_Audio_Emotion/Quantum_audio/data/raw/RAVDESS/Actor_05/03-01-02-01-01-01-05.wav,03,01,02,calm,01,01,01,5
/home/jupyter-dinuanandcr.23cse/project/Quantum_Audio_Emotion/Quantum_audio/data/raw/RAVDESS/Actor_05/03-01-02-01-01-02-05.wav,03,01,02,calm,01,01,02,5
/home/jupyter-dinuanandcr.23cse/project/Quantum_Audio_Emotion/Quantum_audio/data/raw/RAVDESS/Actor_05/03-01-02-01-02-01-05.wav,03,01,02,calm,01,02,01,5
/home/jupyter-dinuanandcr.23cse/project/Quantum_Audio_Emotion/Quantum_audio/data/raw/RAVDESS/Actor_05/03-01-02-01-02-02-05.wav,03,01,02,calm,01,02,02,5
/home/jupyter-dinuanandcr.23cse/project/Quantum_Audio_Emotion/Quantum_audio/data/raw/RAVDESS/Actor_05/03-01-02-02-01-01-05.wav,03,01,02,calm,02,01,01,5
/home/jupyter-dinuanandcr.23cse/project/Quantum_Audio_Emotion/Quantum_audio/data/raw/RAVDESS/Actor_05/03-01-02-02-01-02-05.wav,03,01,02,calm,02,01,02,5
/home/jupyter-dinuanandcr.23cse/project/Quantum_Audio_Emotion/Quantum_audio/data/raw/RAVDESS/Actor_05/03-01-02-02-02-01-05.wav,03,01,02,calm,02,02,01,5
/home/jupyter-dinuanandcr.23cse/project/Quantum_Audio_Emotion/Quantum_audio/data/raw/RAVDESS/Actor_05/03-01-02-02-02-02-05.wav,03,01,02,calm,02,02,02,5
/home/jupyter-dinuanandcr.23cse/project/Quantum_Audio_Emotion/Quantum_audio/data/raw/RAVDESS/Actor_05/03-01-03-01-01-01-05.wav,03,01,03,happy,01,01,01,5
/home/jupyter-dinuanandcr.23cse/project/Quantum_Audio_Emotion/Quantum_audio/data/raw/RAVDESS/Actor_05/03-01-03-01-01-02-05.wav,03,01,03,happy,01,01,02,5
/home/jupyter-dinuanandcr.23cse/project/Quantum_Audio_Emotion/Quantum_audio/data/raw/RAVDESS/Actor_05/03-01-03-01-02-01-05.wav,03,01,03,happy,01,02,01,5
/home/jupyter-dinuanandcr.23cse/project/Quantum_Audio_Emotion/Quantum_audio/data/raw/RAVDESS/Actor_05/03-01-03-01-02-02-05.wav,03,01,03,happy,01,02,02,5
/home/jupyter-dinuanandcr.23cse/project/Quantum_Audio_Emotion/Quantum_audio/data/raw/RAVDESS/Actor_05/03-01-03-02-01-01-05.wav,03,01,03,happy,02,01,01,5
/home/jupyter-dinuanandcr.23cse/project/Quantum_Audio_Emotion/Quantum_audio/data/raw/RAVDESS/Actor_05/03-01-03-02-01-02-05.wav,03,01,03,happy,02,01,02,5
/home/jupyter-dinuanandcr.23cse/project/Quantum_Audio_Emotion/Quantum_audio/data/raw/RAVDESS/Actor_05/03-01-03-02-02-01-05.wav,03,01,03,happy,02,02,01,5
/home/jupyter-dinuanandcr.23cse/project/Quantum_Audio_Emotion/Quantum_audio/data/raw/RAVDESS/Actor_05/03-01-03-02-02-02-05.wav,03,01,03,happy,02,02,02,5
/home/jupyter-dinuanandcr.23cse/project/Quantum_Audio_Emotion/Quantum_audio/data/raw/RAVDESS/Actor_05/03-01-04-01-01-01-05.wav,03,01,04,sad,01,01,01,5
/home/jupyter-dinuanandcr.23cse/project/Quantum_Audio_Emotion/Quantum_audio/data/raw/RAVDESS/Actor_05/03-01-04-01-01-02-05.wav,03,01,04,sad,01,01,02,5
/home/jupyter-dinuanandcr.23cse/project/Quantum_Audio_Emotion/Quantum_audio/data/raw/RAVDESS/Actor_05/03-01-04-01-02-01-05.wav,03,01,04,sad,01,02,01,5
/home/jupyter-dinuanandcr.23cse/project/Quantum_Audio_Emotion/Quantum_audio/data/raw/RAVDESS/Actor_05/03-01-04-01-02-02-05.wav,03,01,04,sad,01,02,02,5
/home/jupyter-dinuanandcr.23cse/project/Quantum_Audio_Emotion/Quantum_audio/data/raw/RAVDESS/Actor_05/03-01-04-02-01-01-05.wav,03,01,04,sad,02,01,01,5
/home/jupyter-dinuanandcr.23cse/project/Quantum_Audio_Emotion/Quantum_audio/data/raw/RAVDESS/Actor_05/03-01-04-02-01-02-05.wav,03,01,04,sad,02,01,02,5
/home/jupyter-dinuanandcr.23cse/project/Quantum_Audio_Emotion/Quantum_audio/data/raw/RAVDESS/Actor_05/03-01-04-02-02-01-05.wav,03,01,04,sad,02,02,01,5
/home/jupyter-dinuanandcr.23cse/project/Quantum_Audio_Emotion/Quantum_audio/data/raw/RAVDESS/Actor_05/03-01-04-02-02-02-05.wav,03,01,04,sad,02,02,02,5
/home/jupyter-dinuanandcr.23cse/project/Quantum_Audio_Emotion/Quantum_audio/data/raw/RAVDESS/Actor_05/03-01-05-01-01-01-05.wav,03,01,05,angry,01,01,01,5
/home/jupyter-dinuanandcr.23cse/project/Quantum_Audio_Emotion/Quantum_audio/data/raw/RAVDESS/Actor_05/03-01-05-01-01-02-05.wav,03,01,05,angry,01,01,02,5
/home/jupyter-dinuanandcr.23cse/project/Quantum_Audio_Emotion/Quantum_audio/data/raw/RAVDESS/Actor_05/03-01-05-01-02-01-05.wav,03,01,05,angry,01,02,01,5
/home/jupyter-dinuanandcr.23cse/project/Quantum_Audio_Emotion/Quantum_audio/data/raw/RAVDESS/Actor_05/03-01-05-01-02-02-05.wav,03,01,05,angry,01,02,02,5
/home/jupyter-dinuanandcr.23cse/project/Quantum_Audio_Emotion/Quantum_audio/data/raw/RAVDESS/Actor_05/03-01-05-02-01-01-05.wav,03,01,05,angry,02,01,01,5
/home/jupyter-dinuanandcr.23cse/project/Quantum_Audio_Emotion/Quantum_audio/data/raw/RAVDESS/Actor_05/03-01-05-02-01-02-05.wav,03,01,05,angry,02,01,02,5
/home/jupyter-dinuanandcr.23cse/project/Quantum_Audio_Emotion/Quantum_audio/data/raw/RAVDESS/Actor_05/03-01-05-02-02-01-05.wav,03,01,05,angry,02,02,01,5
/home/jupyter-dinuanandcr.23cse/project/Quantum_Audio_Emotion/Quantum_audio/data/raw/RAVDESS/Actor_05/03-01-05-02-02-02-05.wav,03,01,05,angry,02,02,02,5
/home/jupyter-dinuanandcr.23cse/project/Quantum_Audio_Emotion/Quantum_audio/data/raw/RAVDESS/Actor_05/03-01-06-01-01-01-05.wav,03,01,06,fearful,01,01,01,5
/home/jupyter-dinuanandcr.23cse/project/Quantum_Audio_Emotion/Quantum_audio/data/raw/RAVDESS/Actor_05/03-01-06-01-01-02-05.wav,03,01,06,fearful,01,01,02,5
/home/jupyter-dinuanandcr.23cse/project/Quantum_Audio_Emotion/Quantum_audio/data/raw/RAVDESS/Actor_05/03-01-06-01-02-01-05.wav,03,01,06,fearful,01,02,01,5
/home/jupyter-dinuanandcr.23cse/project/Quantum_Audio_Emotion/Quantum_audio/data/raw/RAVDESS/Actor_05/03-01-06-01-02-02-05.wav,03,01,06,fearful,01,02,02,5
/home/jupyter-dinuanandcr.23cse/project/Quantum_Audio_Emotion/Quantum_audio/data/raw/RAVDESS/Actor_05/03-01-06-02-01-01-05.wav,03,01,06,fearful,02,01,01,5
/home/jupyter-dinuanandcr.23cse/project/Quantum_Audio_Emotion/Quantum_audio/data/raw/RAVDESS/Actor_05/03-01-06-02-01-02-05.wav,03,01,06,fearful,02,01,02,5
/home/jupyter-dinuanandcr.23cse/project/Quantum_Audio_Emotion/Quantum_audio/data/raw/RAVDESS/Actor_05/03-01-06-02-02-01-05.wav,03,01,06,fearful,02,02,01,5
/home/jupyter-dinuanandcr.23cse/project/Quantum_Audio_Emotion/Quantum_audio/data/raw/RAVDESS/Actor_05/03-01-06-02-02-02-05.wav,03,01,06,fearful,02,02,02,5
/home/jupyter-dinuanandcr.23cse/project/Quantum_Audio_Emotion/Quantum_audio/data/raw/RAVDESS/Actor_05/03-01-07-01-01-01-05.wav,03,01,07,disgust,01,01,01,5
/home/jupyter-dinuanandcr.23cse/project/Quantum_Audio_Emotion/Quantum_audio/data/raw/RAVDESS/Actor_05/03-01-07-01-01-02-05.wav,03,01,07,disgust,01,01,02,5
/home/jupyter-dinuanandcr.23cse/project/Quantum_Audio_Emotion/Quantum_audio/data/raw/RAVDESS/Actor_05/03-01-07-01-02-01-05.wav,03,01,07,disgust,01,02,01,5
/home/jupyter-dinuanandcr.23cse/project/Quantum_Audio_Emotion/Quantum_audio/data/raw/RAVDESS/Actor_05/03-01-07-01-02-02-05.wav,03,01,07,disgust,01,02,02,5
/home/jupyter-dinuanandcr.23cse/project/Quantum_Audio_Emotion/Quantum_audio/data/raw/RAVDESS/Actor_05/03-01-07-02-01-01-05.wav,03,01,07,disgust,02,01,01,5
/home/jupyter-dinuanandcr.23cse/project/Quantum_Audio_Emotion/Quantum_audio/data/raw/RAVDESS/Actor_05/03-01-07-02-01-02-05.wav,03,01,07,disgust,02,01,02,5
/home/jupyter-dinuanandcr.23cse/project/Quantum_Audio_Emotion/Quantum_audio/data/raw/RAVDESS/Actor_05/03-01-07-02-02-01-05.wav,03,01,07,disgust,02,02,01,5
/home/jupyter-dinuanandcr.23cse/project/Quantum_Audio_Emotion/Quantum_audio/data/raw/RAVDESS/Actor_05/03-01-07-02-02-02-05.wav,03,01,07,disgust,02,02,02,5
/home/jupyter-dinuanandcr.23cse/project/Quantum_Audio_Emotion/Quantum_audio/data/raw/RAVDESS/Actor_05/03-01-08-01-01-01-05.wav,03,01,08,surprised,01,01,01,5
/home/jupyter-dinuanandcr.23cse/project/Quantum_Audio_Emotion/Quantum_audio/data/raw/RAVDESS/Actor_05/03-01-08-01-01-02-05.wav,03,01,08,surprised,01,01,02,5
/home/jupyter-dinuanandcr.23cse/project/Quantum_Audio_Emotion/Quantum_audio/data/raw/RAVDESS/Actor_05/03-01-08-01-02-01-05.wav,03,01,08,surprised,01,02,01,5
/home/jupyter-dinuanandcr.23cse/project/Quantum_Audio_Emotion/Quantum_audio/data/raw/RAVDESS/Actor_05/03-01-08-01-02-02-05.wav,03,01,08,surprised,01,02,02,5
/home/jupyter-dinuanandcr.23cse/project/Quantum_Audio_Emotion/Quantum_audio/data/raw/RAVDESS/Actor_05/03-01-08-02-01-01-05.wav,03,01,08,surprised,02,01,01,5
/home/jupyter-dinuanandcr.23cse/project/Quantum_Audio_Emotion/Quantum_audio/data/raw/RAVDESS/Actor_05/03-01-08-02-01-02-05.wav,03,01,08,surprised,02,01,02,5
/home/jupyter-dinuanandcr.23cse/project/Quantum_Audio_Emotion/Quantum_audio/data/raw/RAVDESS/Actor_05/03-01-08-02-02-01-05.wav,03,01,08,surprised,02,02,01,5
/home/jupyter-dinuanandcr.23cse/project/Quantum_Audio_Emotion/Quantum_audio/data/raw/RAVDESS/Actor_05/03-01-08-02-02-02-05.wav,03,01,08,surprised,02,02,02,5
/home/jupyter-dinuanandcr.23cse/project/Quantum_Audio_Emotion/Quantum_audio/data/raw/RAVDESS/Actor_06/03-01-01-01-01-01-06.wav,03,01,01,neutral,01,01,01,6
/home/jupyter-dinuanandcr.23cse/project/Quantum_Audio_Emotion/Quantum_audio/data/raw/RAVDESS/Actor_06/03-01-01-01-01-02-06.wav,03,01,01,neutral,01,01,02,6
/home/jupyter-dinuanandcr.23cse/project/Quantum_Audio_Emotion/Quantum_audio/data/raw/RAVDESS/Actor_06/03-01-01-01-02-01-06.wav,03,01,01,neutral,01,02,01,6
/home/jupyter-dinuanandcr.23cse/project/Quantum_Audio_Emotion/Quantum_audio/data/raw/RAVDESS/Actor_06/03-01-01-01-02-02-06.wav,03,01,01,neutral,01,02,02,6
/home/jupyter-dinuanandcr.23cse/project/Quantum_Audio_Emotion/Quantum_audio/data/raw/RAVDESS/Actor_06/03-01-02-01-01-01-06.wav,03,01,02,calm,01,01,01,6
/home/jupyter-dinuanandcr.23cse/project/Quantum_Audio_Emotion/Quantum_audio/data/raw/RAVDESS/Actor_06/03-01-02-01-01-02-06.wav,03,01,02,calm,01,01,02,6
/home/jupyter-dinuanandcr.23cse/project/Quantum_Audio_Emotion/Quantum_audio/data/raw/RAVDESS/Actor_06/03-01-02-01-02-01-06.wav,03,01,02,calm,01,02,01,6
/home/jupyter-dinuanandcr.23cse/project/Quantum_Audio_Emotion/Quantum_audio/data/raw/RAVDESS/Actor_06/03-01-02-01-02-02-06.wav,03,01,02,calm,01,02,02,6
/home/jupyter-dinuanandcr.23cse/project/Quantum_Audio_Emotion/Quantum_audio/data/raw/RAVDESS/Actor_06/03-01-02-02-01-01-06.wav,03,01,02,calm,02,01,01,6
/home/jupyter-dinuanandcr.23cse/project/Quantum_Audio_Emotion/Quantum_audio/data/raw/RAVDESS/Actor_06/03-01-02-02-01-02-06.wav,03,01,02,calm,02,01,02,6
/home/jupyter-dinuanandcr.23cse/project/Quantum_Audio_Emotion/Quantum_audio/data/raw/RAVDESS/Actor_06/03-01-02-02-02-01-06.wav,03,01,02,calm,02,02,01,6
/home/jupyter-dinuanandcr.23cse/project/Quantum_Audio_Emotion/Quantum_audio/data/raw/RAVDESS/Actor_06/03-01-02-02-02-02-06.wav,03,01,02,calm,02,02,02,6
/home/jupyter-dinuanandcr.23cse/project/Quantum_Audio_Emotion/Quantum_audio/data/raw/RAVDESS/Actor_06/03-01-03-01-01-01-06.wav,03,01,03,happy,01,01,01,6
/home/jupyter-dinuanandcr.23cse/project/Quantum_Audio_Emotion/Quantum_audio/data/raw/RAVDESS/Actor_06/03-01-03-01-01-02-06.wav,03,01,03,happy,01,01,02,6
/home/jupyter-dinuanandcr.23cse/project/Quantum_Audio_Emotion/Quantum_audio/data/raw/RAVDESS/Actor_06/03-01-03-01-02-01-06.wav,03,01,03,happy,01,02,01,6
/home/jupyter-dinuanandcr.23cse/project/Quantum_Audio_Emotion/Quantum_audio/data/raw/RAVDESS/Actor_06/03-01-03-01-02-02-06.wav,03,01,03,happy,01,02,02,6
/home/jupyter-dinuanandcr.23cse/project/Quantum_Audio_Emotion/Quantum_audio/data/raw/RAVDESS/Actor_06/03-01-03-02-01-01-06.wav,03,01,03,happy,02,01,01,6
/home/jupyter-dinuanandcr.23cse/project/Quantum_Audio_Emotion/Quantum_audio/data/raw/RAVDESS/Actor_06/03-01-03-02-01-02-06.wav,03,01,03,happy,02,01,02,6
/home/jupyter-dinuanandcr.23cse/project/Quantum_Audio_Emotion/Quantum_audio/data/raw/RAVDESS/Actor_06/03-01-03-02-02-01-06.wav,03,01,03,happy,02,02,01,6
/home/jupyter-dinuanandcr.23cse/project/Quantum_Audio_Emotion/Quantum_audio/data/raw/RAVDESS/Actor_06/03-01-03-02-02-02-06.wav,03,01,03,happy,02,02,02,6
/home/jupyter-dinuanandcr.23cse/project/Quantum_Audio_Emotion/Quantum_audio/data/raw/RAVDESS/Actor_06/03-01-04-01-01-01-06.wav,03,01,04,sad,01,01,01,6
/home/jupyter-dinuanandcr.23cse/project/Quantum_Audio_Emotion/Quantum_audio/data/raw/RAVDESS/Actor_06/03-01-04-01-01-02-06.wav,03,01,04,sad,01,01,02,6
/home/jupyter-dinuanandcr.23cse/project/Quantum_Audio_Emotion/Quantum_audio/data/raw/RAVDESS/Actor_06/03-01-04-01-02-01-06.wav,03,01,04,sad,01,02,01,6
/home/jupyter-dinuanandcr.23cse/project/Quantum_Audio_Emotion/Quantum_audio/data/raw/RAVDESS/Actor_06/03-01-04-01-02-02-06.wav,03,01,04,sad,01,02,02,6
/home/jupyter-dinuanandcr.23cse/project/Quantum_Audio_Emotion/Quantum_audio/data/raw/RAVDESS/Actor_06/03-01-04-02-01-01-06.wav,03,01,04,sad,02,01,01,6
/home/jupyter-dinuanandcr.23cse/project/Quantum_Audio_Emotion/Quantum_audio/data/raw/RAVDESS/Actor_06/03-01-04-02-01-02-06.wav,03,01,04,sad,02,01,02,6
/home/jupyter-dinuanandcr.23cse/project/Quantum_Audio_Emotion/Quantum_audio/data/raw/RAVDESS/Actor_06/03-01-04-02-02-01-06.wav,03,01,04,sad,02,02,01,6
/home/jupyter-dinuanandcr.23cse/project/Quantum_Audio_Emotion/Quantum_audio/data/raw/RAVDESS/Actor_06/03-01-04-02-02-02-06.wav,03,01,04,sad,02,02,02,6
/home/jupyter-dinuanandcr.23cse/project/Quantum_Audio_Emotion/Quantum_audio/data/raw/RAVDESS/Actor_06/03-01-05-01-01-01-06.wav,03,01,05,angry,01,01,01,6
/home/jupyter-dinuanandcr.23cse/project/Quantum_Audio_Emotion/Quantum_audio/data/raw/RAVDESS/Actor_06/03-01-05-01-01-02-06.wav,03,01,05,angry,01,01,02,6
/home/jupyter-dinuanandcr.23cse/project/Quantum_Audio_Emotion/Quantum_audio/data/raw/RAVDESS/Actor_06/03-01-05-01-02-01-06.wav,03,01,05,angry,01,02,01,6
/home/jupyter-dinuanandcr.23cse/project/Quantum_Audio_Emotion/Quantum_audio/data/raw/RAVDESS/Actor_06/03-01-05-01-02-02-06.wav,03,01,05,angry,01,02,02,6
/home/jupyter-dinuanandcr.23cse/project/Quantum_Audio_Emotion/Quantum_audio/data/raw/RAVDESS/Actor_06/03-01-05-02-01-01-06.wav,03,01,05,angry,02,01,01,6
/home/jupyter-dinuanandcr.23cse/project/Quantum_Audio_Emotion/Quantum_audio/data/raw/RAVDESS/Actor_06/03-01-05-02-01-02-06.wav,03,01,05,angry,02,01,02,6
/home/jupyter-dinuanandcr.23cse/project/Quantum_Audio_Emotion/Quantum_audio/data/raw/RAVDESS/Actor_06/03-01-05-02-02-01-06.wav,03,01,05,angry,02,02,01,6
/home/jupyter-dinuanandcr.23cse/project/Quantum_Audio_Emotion/Quantum_audio/data/raw/RAVDESS/Actor_06/03-01-05-02-02-02-06.wav,03,01,05,angry,02,02,02,6
/home/jupyter-dinuanandcr.23cse/project/Quantum_Audio_Emotion/Quantum_audio/data/raw/RAVDESS/Actor_06/03-01-06-01-01-01-06.wav,03,01,06,fearful,01,01,01,6
/home/jupyter-dinuanandcr.23cse/project/Quantum_Audio_Emotion/Quantum_audio/data/raw/RAVDESS/Actor_06/03-01-06-01-01-02-06.wav,03,01,06,fearful,01,01,02,6
/home/jupyter-dinuanandcr.23cse/project/Quantum_Audio_Emotion/Quantum_audio/data/raw/RAVDESS/Actor_06/03-01-06-01-02-01-06.wav,03,01,06,fearful,01,02,01,6
/home/jupyter-dinuanandcr.23cse/project/Quantum_Audio_Emotion/Quantum_audio/data/raw/RAVDESS/Actor_06/03-01-06-01-02-02-06.wav,03,01,06,fearful,01,02,02,6
/home/jupyter-dinuanandcr.23cse/project/Quantum_Audio_Emotion/Quantum_audio/data/raw/RAVDESS/Actor_06/03-01-06-02-01-01-06.wav,03,01,06,fearful,02,01,01,6
/home/jupyter-dinuanandcr.23cse/project/Quantum_Audio_Emotion/Quantum_audio/data/raw/RAVDESS/Actor_06/03-01-06-02-01-02-06.wav,03,01,06,fearful,02,01,02,6
/home/jupyter-dinuanandcr.23cse/project/Quantum_Audio_Emotion/Quantum_audio/data/raw/RAVDESS/Actor_06/03-01-06-02-02-01-06.wav,03,01,06,fearful,02,02,01,6
/home/jupyter-dinuanandcr.23cse/project/Quantum_Audio_Emotion/Quantum_audio/data/raw/RAVDESS/Actor_06/03-01-06-02-02-02-06.wav,03,01,06,fearful,02,02,02,6
/home/jupyter-dinuanandcr.23cse/project/Quantum_Audio_Emotion/Quantum_audio/data/raw/RAVDESS/Actor_06/03-01-07-01-01-01-06.wav,03,01,07,disgust,01,01,01,6
/home/jupyter-dinuanandcr.23cse/project/Quantum_Audio_Emotion/Quantum_audio/data/raw/RAVDESS/Actor_06/03-01-07-01-01-02-06.wav,03,01,07,disgust,01,01,02,6
/home/jupyter-dinuanandcr.23cse/project/Quantum_Audio_Emotion/Quantum_audio/data/raw/RAVDESS/Actor_06/03-01-07-01-02-01-06.wav,03,01,07,disgust,01,02,01,6
/home/jupyter-dinuanandcr.23cse/project/Quantum_Audio_Emotion/Quantum_audio/data/raw/RAVDESS/Actor_06/03-01-07-01-02-02-06.wav,03,01,07,disgust,01,02,02,6
/home/jupyter-dinuanandcr.23cse/project/Quantum_Audio_Emotion/Quantum_audio/data/raw/RAVDESS/Actor_06/03-01-07-02-01-01-06.wav,03,01,07,disgust,02,01,01,6
/home/jupyter-dinuanandcr.23cse/project/Quantum_Audio_Emotion/Quantum_audio/data/raw/RAVDESS/Actor_06/03-01-07-02-01-02-06.wav,03,01,07,disgust,02,01,02,6
/home/jupyter-dinuanandcr.23cse/project/Quantum_Audio_Emotion/Quantum_audio/data/raw/RAVDESS/Actor_06/03-01-07-02-02-01-06.wav,03,01,07,disgust,02,02,01,6
/home/jupyter-dinuanandcr.23cse/project/Quantum_Audio_Emotion/Quantum_audio/data/raw/RAVDESS/Actor_06/03-01-07-02-02-02-06.wav,03,01,07,disgust,02,02,02,6
/home/jupyter-dinuanandcr.23cse/project/Quantum_Audio_Emotion/Quantum_audio/data/raw/RAVDESS/Actor_06/03-01-08-01-01-01-06.wav,03,01,08,surprised,01,01,01,6
/home/jupyter-dinuanandcr.23cse/project/Quantum_Audio_Emotion/Quantum_audio/data/raw/RAVDESS/Actor_06/03-01-08-01-01-02-06.wav,03,01,08,surprised,01,01,02,6
/home/jupyter-dinuanandcr.23cse/project/Quantum_Audio_Emotion/Quantum_audio/data/raw/RAVDESS/Actor_06/03-01-08-01-02-01-06.wav,03,01,08,surprised,01,02,01,6
/home/jupyter-dinuanandcr.23cse/project/Quantum_Audio_Emotion/Quantum_audio/data/raw/RAVDESS/Actor_06/03-01-08-01-02-02-06.wav,03,01,08,surprised,01,02,02,6
/home/jupyter-dinuanandcr.23cse/project/Quantum_Audio_Emotion/Quantum_audio/data/raw/RAVDESS/Actor_06/03-01-08-02-01-01-06.wav,03,01,08,surprised,02,01,01,6
/home/jupyter-dinuanandcr.23cse/project/Quantum_Audio_Emotion/Quantum_audio/data/raw/RAVDESS/Actor_06/03-01-08-02-01-02-06.wav,03,01,08,surprised,02,01,02,6
/home/jupyter-dinuanandcr.23cse/project/Quantum_Audio_Emotion/Quantum_audio/data/raw/RAVDESS/Actor_06/03-01-08-02-02-01-06.wav,03,01,08,surprised,02,02,01,6
/home/jupyter-dinuanandcr.23cse/project/Quantum_Audio_Emotion/Quantum_audio/data/raw/RAVDESS/Actor_06/03-01-08-02-02-02-06.wav,03,01,08,surprised,02,02,02,6
/home/jupyter-dinuanandcr.23cse/project/Quantum_Audio_Emotion/Quantum_audio/data/raw/RAVDESS/Actor_07/03-01-01-01-01-01-07.wav,03,01,01,neutral,01,01,01,7
/home/jupyter-dinuanandcr.23cse/project/Quantum_Audio_Emotion/Quantum_audio/data/raw/RAVDESS/Actor_07/03-01-01-01-01-02-07.wav,03,01,01,neutral,01,01,02,7
/home/jupyter-dinuanandcr.23cse/project/Quantum_Audio_Emotion/Quantum_audio/data/raw/RAVDESS/Actor_07/03-01-01-01-02-01-07.wav,03,01,01,neutral,01,02,01,7
/home/jupyter-dinuanandcr.23cse/project/Quantum_Audio_Emotion/Quantum_audio/data/raw/RAVDESS/Actor_07/03-01-01-01-02-02-07.wav,03,01,01,neutral,01,02,02,7
/home/jupyter-dinuanandcr.23cse/project/Quantum_Audio_Emotion/Quantum_audio/data/raw/RAVDESS/Actor_07/03-01-02-01-01-01-07.wav,03,01,02,calm,01,01,01,7
/home/jupyter-dinuanandcr.23cse/project/Quantum_Audio_Emotion/Quantum_audio/data/raw/RAVDESS/Actor_07/03-01-02-01-01-02-07.wav,03,01,02,calm,01,01,02,7
/home/jupyter-dinuanandcr.23cse/project/Quantum_Audio_Emotion/Quantum_audio/data/raw/RAVDESS/Actor_07/03-01-02-01-02-01-07.wav,03,01,02,calm,01,02,01,7
/home/jupyter-dinuanandcr.23cse/project/Quantum_Audio_Emotion/Quantum_audio/data/raw/RAVDESS/Actor_07/03-01-02-01-02-02-07.wav,03,01,02,calm,01,02,02,7
/home/jupyter-dinuanandcr.23cse/project/Quantum_Audio_Emotion/Quantum_audio/data/raw/RAVDESS/Actor_07/03-01-02-02-01-01-07.wav,03,01,02,calm,02,01,01,7
/home/jupyter-dinuanandcr.23cse/project/Quantum_Audio_Emotion/Quantum_audio/data/raw/RAVDESS/Actor_07/03-01-02-02-01-02-07.wav,03,01,02,calm,02,01,02,7
/home/jupyter-dinuanandcr.23cse/project/Quantum_Audio_Emotion/Quantum_audio/data/raw/RAVDESS/Actor_07/03-01-02-02-02-01-07.wav,03,01,02,calm,02,02,01,7
/home/jupyter-dinuanandcr.23cse/project/Quantum_Audio_Emotion/Quantum_audio/data/raw/RAVDESS/Actor_07/03-01-02-02-02-02-07.wav,03,01,02,calm,02,02,02,7
/home/jupyter-dinuanandcr.23cse/project/Quantum_Audio_Emotion/Quantum_audio/data/raw/RAVDESS/Actor_07/03-01-03-01-01-01-07.wav,03,01,03,happy,01,01,01,7
/home/jupyter-dinuanandcr.23cse/project/Quantum_Audio_Emotion/Quantum_audio/data/raw/RAVDESS/Actor_07/03-01-03-01-01-02-07.wav,03,01,03,happy,01,01,02,7
/home/jupyter-dinuanandcr.23cse/project/Quantum_Audio_Emotion/Quantum_audio/data/raw/RAVDESS/Actor_07/03-01-03-01-02-01-07.wav,03,01,03,happy,01,02,01,7
/home/jupyter-dinuanandcr.23cse/project/Quantum_Audio_Emotion/Quantum_audio/data/raw/RAVDESS/Actor_07/03-01-03-01-02-02-07.wav,03,01,03,happy,01,02,02,7
/home/jupyter-dinuanandcr.23cse/project/Quantum_Audio_Emotion/Quantum_audio/data/raw/RAVDESS/Actor_07/03-01-03-02-01-01-07.wav,03,01,03,happy,02,01,01,7
/home/jupyter-dinuanandcr.23cse/project/Quantum_Audio_Emotion/Quantum_audio/data/raw/RAVDESS/Actor_07/03-01-03-02-01-02-07.wav,03,01,03,happy,02,01,02,7
/home/jupyter-dinuanandcr.23cse/project/Quantum_Audio_Emotion/Quantum_audio/data/raw/RAVDESS/Actor_07/03-01-03-02-02-01-07.wav,03,01,03,happy,02,02,01,7
/home/jupyter-dinuanandcr.23cse/project/Quantum_Audio_Emotion/Quantum_audio/data/raw/RAVDESS/Actor_07/03-01-03-02-02-02-07.wav,03,01,03,happy,02,02,02,7
/home/jupyter-dinuanandcr.23cse/project/Quantum_Audio_Emotion/Quantum_audio/data/raw/RAVDESS/Actor_07/03-01-04-01-01-01-07.wav,03,01,04,sad,01,01,01,7
/home/jupyter-dinuanandcr.23cse/project/Quantum_Audio_Emotion/Quantum_audio/data/raw/RAVDESS/Actor_07/03-01-04-01-01-02-07.wav,03,01,04,sad,01,01,02,7
/home/jupyter-dinuanandcr.23cse/project/Quantum_Audio_Emotion/Quantum_audio/data/raw/RAVDESS/Actor_07/03-01-04-01-02-01-07.wav,03,01,04,sad,01,02,01,7
/home/jupyter-dinuanandcr.23cse/project/Quantum_Audio_Emotion/Quantum_audio/data/raw/RAVDESS/Actor_07/03-01-04-01-02-02-07.wav,03,01,04,sad,01,02,02,7
/home/jupyter-dinuanandcr.23cse/project/Quantum_Audio_Emotion/Quantum_audio/data/raw/RAVDESS/Actor_07/03-01-04-02-01-01-07.wav,03,01,04,sad,02,01,01,7
/home/jupyter-dinuanandcr.23cse/project/Quantum_Audio_Emotion/Quantum_audio/data/raw/RAVDESS/Actor_07/03-01-04-02-01-02-07.wav,03,01,04,sad,02,01,02,7
/home/jupyter-dinuanandcr.23cse/project/Quantum_Audio_Emotion/Quantum_audio/data/raw/RAVDESS/Actor_07/03-01-04-02-02-01-07.wav,03,01,04,sad,02,02,01,7
/home/jupyter-dinuanandcr.23cse/project/Quantum_Audio_Emotion/Quantum_audio/data/raw/RAVDESS/Actor_07/03-01-04-02-02-02-07.wav,03,01,04,sad,02,02,02,7
/home/jupyter-dinuanandcr.23cse/project/Quantum_Audio_Emotion/Quantum_audio/data/raw/RAVDESS/Actor_07/03-01-05-01-01-01-07.wav,03,01,05,angry,01,01,01,7
/home/jupyter-dinuanandcr.23cse/project/Quantum_Audio_Emotion/Quantum_audio/data/raw/RAVDESS/Actor_07/03-01-05-01-01-02-07.wav,03,01,05,angry,01,01,02,7
/home/jupyter-dinuanandcr.23cse/project/Quantum_Audio_Emotion/Quantum_audio/data/raw/RAVDESS/Actor_07/03-01-05-01-02-01-07.wav,03,01,05,angry,01,02,01,7
/home/jupyter-dinuanandcr.23cse/project/Quantum_Audio_Emotion/Quantum_audio/data/raw/RAVDESS/Actor_07/03-01-05-01-02-02-07.wav,03,01,05,angry,01,02,02,7
/home/jupyter-dinuanandcr.23cse/project/Quantum_Audio_Emotion/Quantum_audio/data/raw/RAVDESS/Actor_07/03-01-05-02-01-01-07.wav,03,01,05,angry,02,01,01,7
/home/jupyter-dinuanandcr.23cse/project/Quantum_Audio_Emotion/Quantum_audio/data/raw/RAVDESS/Actor_07/03-01-05-02-01-02-07.wav,03,01,05,angry,02,01,02,7
/home/jupyter-dinuanandcr.23cse/project/Quantum_Audio_Emotion/Quantum_audio/data/raw/RAVDESS/Actor_07/03-01-05-02-02-01-07.wav,03,01,05,angry,02,02,01,7
/home/jupyter-dinuanandcr.23cse/project/Quantum_Audio_Emotion/Quantum_audio/data/raw/RAVDESS/Actor_07/03-01-05-02-02-02-07.wav,03,01,05,angry,02,02,02,7
/home/jupyter-dinuanandcr.23cse/project/Quantum_Audio_Emotion/Quantum_audio/data/raw/RAVDESS/Actor_07/03-01-06-01-01-01-07.wav,03,01,06,fearful,01,01,01,7
/home/jupyter-dinuanandcr.23cse/project/Quantum_Audio_Emotion/Quantum_audio/data/raw/RAVDESS/Actor_07/03-01-06-01-01-02-07.wav,03,01,06,fearful,01,01,02,7
/home/jupyter-dinuanandcr.23cse/project/Quantum_Audio_Emotion/Quantum_audio/data/raw/RAVDESS/Actor_07/03-01-06-01-02-01-07.wav,03,01,06,fearful,01,02,01,7
/home/jupyter-dinuanandcr.23cse/project/Quantum_Audio_Emotion/Quantum_audio/data/raw/RAVDESS/Actor_07/03-01-06-01-02-02-07.wav,03,01,06,fearful,01,02,02,7
/home/jupyter-dinuanandcr.23cse/project/Quantum_Audio_Emotion/Quantum_audio/data/raw/RAVDESS/Actor_07/03-01-06-02-01-01-07.wav,03,01,06,fearful,02,01,01,7
/home/jupyter-dinuanandcr.23cse/project/Quantum_Audio_Emotion/Quantum_audio/data/raw/RAVDESS/Actor_07/03-01-06-02-01-02-07.wav,03,01,06,fearful,02,01,02,7
/home/jupyter-dinuanandcr.23cse/project/Quantum_Audio_Emotion/Quantum_audio/data/raw/RAVDESS/Actor_07/03-01-06-02-02-01-07.wav,03,01,06,fearful,02,02,01,7
/home/jupyter-dinuanandcr.23cse/project/Quantum_Audio_Emotion/Quantum_audio/data/raw/RAVDESS/Actor_07/03-01-06-02-02-02-07.wav,03,01,06,fearful,02,02,02,7
/home/jupyter-dinuanandcr.23cse/project/Quantum_Audio_Emotion/Quantum_audio/data/raw/RAVDESS/Actor_07/03-01-07-01-01-01-07.wav,03,01,07,disgust,01,01,01,7
/home/jupyter-dinuanandcr.23cse/project/Quantum_Audio_Emotion/Quantum_audio/data/raw/RAVDESS/Actor_07/03-01-07-01-01-02-07.wav,03,01,07,disgust,01,01,02,7
/home/jupyter-dinuanandcr.23cse/project/Quantum_Audio_Emotion/Quantum_audio/data/raw/RAVDESS/Actor_07/03-01-07-01-02-01-07.wav,03,01,07,disgust,01,02,01,7
/home/jupyter-dinuanandcr.23cse/project/Quantum_Audio_Emotion/Quantum_audio/data/raw/RAVDESS/Actor_07/03-01-07-01-02-02-07.wav,03,01,07,disgust,01,02,02,7
/home/jupyter-dinuanandcr.23cse/project/Quantum_Audio_Emotion/Quantum_audio/data/raw/RAVDESS/Actor_07/03-01-07-02-01-01-07.wav,03,01,07,disgust,02,01,01,7
/home/jupyter-dinuanandcr.23cse/project/Quantum_Audio_Emotion/Quantum_audio/data/raw/RAVDESS/Actor_07/03-01-07-02-01-02-07.wav,03,01,07,disgust,02,01,02,7
/home/jupyter-dinuanandcr.23cse/project/Quantum_Audio_Emotion/Quantum_audio/data/raw/RAVDESS/Actor_07/03-01-07-02-02-01-07.wav,03,01,07,disgust,02,02,01,7
/home/jupyter-dinuanandcr.23cse/project/Quantum_Audio_Emotion/Quantum_audio/data/raw/RAVDESS/Actor_07/03-01-07-02-02-02-07.wav,03,01,07,disgust,02,02,02,7
/home/jupyter-dinuanandcr.23cse/project/Quantum_Audio_Emotion/Quantum_audio/data/raw/RAVDESS/Actor_07/03-01-08-01-01-01-07.wav,03,01,08,surprised,01,01,01,7
/home/jupyter-dinuanandcr.23cse/project/Quantum_Audio_Emotion/Quantum_audio/data/raw/RAVDESS/Actor_07/03-01-08-01-01-02-07.wav,03,01,08,surprised,01,01,02,7
/home/jupyter-dinuanandcr.23cse/project/Quantum_Audio_Emotion/Quantum_audio/data/raw/RAVDESS/Actor_07/03-01-08-01-02-01-07.wav,03,01,08,surprised,01,02,01,7
/home/jupyter-dinuanandcr.23cse/project/Quantum_Audio_Emotion/Quantum_audio/data/raw/RAVDESS/Actor_07/03-01-08-01-02-02-07.wav,03,01,08,surprised,01,02,02,7
/home/jupyter-dinuanandcr.23cse/project/Quantum_Audio_Emotion/Quantum_audio/data/raw/RAVDESS/Actor_07/03-01-08-02-01-01-07.wav,03,01,08,surprised,02,01,01,7
/home/jupyter-dinuanandcr.23cse/project/Quantum_Audio_Emotion/Quantum_audio/data/raw/RAVDESS/Actor_07/03-01-08-02-01-02-07.wav,03,01,08,surprised,02,01,02,7
/home/jupyter-dinuanandcr.23cse/project/Quantum_Audio_Emotion/Quantum_audio/data/raw/RAVDESS/Actor_07/03-01-08-02-02-01-07.wav,03,01,08,surprised,02,02,01,7
/home/jupyter-dinuanandcr.23cse/project/Quantum_Audio_Emotion/Quantum_audio/data/raw/RAVDESS/Actor_07/03-01-08-02-02-02-07.wav,03,01,08,surprised,02,02,02,7
/home/jupyter-dinuanandcr.23cse/project/Quantum_Audio_Emotion/Quantum_audio/data/raw/RAVDESS/Actor_08/03-01-01-01-01-01-08.wav,03,01,01,neutral,01,01,01,8
/home/jupyter-dinuanandcr.23cse/project/Quantum_Audio_Emotion/Quantum_audio/data/raw/RAVDESS/Actor_08/03-01-01-01-01-02-08.wav,03,01,01,neutral,01,01,02,8
/home/jupyter-dinuanandcr.23cse/project/Quantum_Audio_Emotion/Quantum_audio/data/raw/RAVDESS/Actor_08/03-01-01-01-02-01-08.wav,03,01,01,neutral,01,02,01,8
/home/jupyter-dinuanandcr.23cse/project/Quantum_Audio_Emotion/Quantum_audio/data/raw/RAVDESS/Actor_08/03-01-01-01-02-02-08.wav,03,01,01,neutral,01,02,02,8
/home/jupyter-dinuanandcr.23cse/project/Quantum_Audio_Emotion/Quantum_audio/data/raw/RAVDESS/Actor_08/03-01-02-01-01-01-08.wav,03,01,02,calm,01,01,01,8
/home/jupyter-dinuanandcr.23cse/project/Quantum_Audio_Emotion/Quantum_audio/data/raw/RAVDESS/Actor_08/03-01-02-01-01-02-08.wav,03,01,02,calm,01,01,02,8
/home/jupyter-dinuanandcr.23cse/project/Quantum_Audio_Emotion/Quantum_audio/data/raw/RAVDESS/Actor_08/03-01-02-01-02-01-08.wav,03,01,02,calm,01,02,01,8
/home/jupyter-dinuanandcr.23cse/project/Quantum_Audio_Emotion/Quantum_audio/data/raw/RAVDESS/Actor_08/03-01-02-01-02-02-08.wav,03,01,02,calm,01,02,02,8
/home/jupyter-dinuanandcr.23cse/project/Quantum_Audio_Emotion/Quantum_audio/data/raw/RAVDESS/Actor_08/03-01-02-02-01-01-08.wav,03,01,02,calm,02,01,01,8
/home/jupyter-dinuanandcr.23cse/project/Quantum_Audio_Emotion/Quantum_audio/data/raw/RAVDESS/Actor_08/03-01-02-02-01-02-08.wav,03,01,02,calm,02,01,02,8
/home/jupyter-dinuanandcr.23cse/project/Quantum_Audio_Emotion/Quantum_audio/data/raw/RAVDESS/Actor_08/03-01-02-02-02-01-08.wav,03,01,02,calm,02,02,01,8
/home/jupyter-dinuanandcr.23cse/project/Quantum_Audio_Emotion/Quantum_audio/data/raw/RAVDESS/Actor_08/03-01-02-02-02-02-08.wav,03,01,02,calm,02,02,02,8
/home/jupyter-dinuanandcr.23cse/project/Quantum_Audio_Emotion/Quantum_audio/data/raw/RAVDESS/Actor_08/03-01-03-01-01-01-08.wav,03,01,03,happy,01,01,01,8
/home/jupyter-dinuanandcr.23cse/project/Quantum_Audio_Emotion/Quantum_audio/data/raw/RAVDESS/Actor_08/03-01-03-01-01-02-08.wav,03,01,03,happy,01,01,02,8
/home/jupyter-dinuanandcr.23cse/project/Quantum_Audio_Emotion/Quantum_audio/data/raw/RAVDESS/Actor_08/03-01-03-01-02-01-08.wav,03,01,03,happy,01,02,01,8
/home/jupyter-dinuanandcr.23cse/project/Quantum_Audio_Emotion/Quantum_audio/data/raw/RAVDESS/Actor_08/03-01-03-01-02-02-08.wav,03,01,03,happy,01,02,02,8
/home/jupyter-dinuanandcr.23cse/project/Quantum_Audio_Emotion/Quantum_audio/data/raw/RAVDESS/Actor_08/03-01-03-02-01-01-08.wav,03,01,03,happy,02,01,01,8
/home/jupyter-dinuanandcr.23cse/project/Quantum_Audio_Emotion/Quantum_audio/data/raw/RAVDESS/Actor_08/03-01-03-02-01-02-08.wav,03,01,03,happy,02,01,02,8
/home/jupyter-dinuanandcr.23cse/project/Quantum_Audio_Emotion/Quantum_audio/data/raw/RAVDESS/Actor_08/03-01-03-02-02-01-08.wav,03,01,03,happy,02,02,01,8
/home/jupyter-dinuanandcr.23cse/project/Quantum_Audio_Emotion/Quantum_audio/data/raw/RAVDESS/Actor_08/03-01-03-02-02-02-08.wav,03,01,03,happy,02,02,02,8
/home/jupyter-dinuanandcr.23cse/project/Quantum_Audio_Emotion/Quantum_audio/data/raw/RAVDESS/Actor_08/03-01-04-01-01-01-08.wav,03,01,04,sad,01,01,01,8
/home/jupyter-dinuanandcr.23cse/project/Quantum_Audio_Emotion/Quantum_audio/data/raw/RAVDESS/Actor_08/03-01-04-01-01-02-08.wav,03,01,04,sad,01,01,02,8
/home/jupyter-dinuanandcr.23cse/project/Quantum_Audio_Emotion/Quantum_audio/data/raw/RAVDESS/Actor_08/03-01-04-01-02-01-08.wav,03,01,04,sad,01,02,01,8
/home/jupyter-dinuanandcr.23cse/project/Quantum_Audio_Emotion/Quantum_audio/data/raw/RAVDESS/Actor_08/03-01-04-01-02-02-08.wav,03,01,04,sad,01,02,02,8
/home/jupyter-dinuanandcr.23cse/project/Quantum_Audio_Emotion/Quantum_audio/data/raw/RAVDESS/Actor_08/03-01-04-02-01-01-08.wav,03,01,04,sad,02,01,01,8
/home/jupyter-dinuanandcr.23cse/project/Quantum_Audio_Emotion/Quantum_audio/data/raw/RAVDESS/Actor_08/03-01-04-02-01-02-08.wav,03,01,04,sad,02,01,02,8
/home/jupyter-dinuanandcr.23cse/project/Quantum_Audio_Emotion/Quantum_audio/data/raw/RAVDESS/Actor_08/03-01-04-02-02-01-08.wav,03,01,04,sad,02,02,01,8
/home/jupyter-dinuanandcr.23cse/project/Quantum_Audio_Emotion/Quantum_audio/data/raw/RAVDESS/Actor_08/03-01-04-02-02-02-08.wav,03,01,04,sad,02,02,02,8
/home/jupyter-dinuanandcr.23cse/project/Quantum_Audio_Emotion/Quantum_audio/data/raw/RAVDESS/Actor_08/03-01-05-01-01-01-08.wav,03,01,05,angry,01,01,01,8
/home/jupyter-dinuanandcr.23cse/project/Quantum_Audio_Emotion/Quantum_audio/data/raw/RAVDESS/Actor_08/03-01-05-01-01-02-08.wav,03,01,05,angry,01,01,02,8
/home/jupyter-dinuanandcr.23cse/project/Quantum_Audio_Emotion/Quantum_audio/data/raw/RAVDESS/Actor_08/03-01-05-01-02-01-08.wav,03,01,05,angry,01,02,01,8
/home/jupyter-dinuanandcr.23cse/project/Quantum_Audio_Emotion/Quantum_audio/data/raw/RAVDESS/Actor_08/03-01-05-01-02-02-08.wav,03,01,05,angry,01,02,02,8
/home/jupyter-dinuanandcr.23cse/project/Quantum_Audio_Emotion/Quantum_audio/data/raw/RAVDESS/Actor_08/03-01-05-02-01-01-08.wav,03,01,05,angry,02,01,01,8
/home/jupyter-dinuanandcr.23cse/project/Quantum_Audio_Emotion/Quantum_audio/data/raw/RAVDESS/Actor_08/03-01-05-02-01-02-08.wav,03,01,05,angry,02,01,02,8
/home/jupyter-dinuanandcr.23cse/project/Quantum_Audio_Emotion/Quantum_audio/data/raw/RAVDESS/Actor_08/03-01-05-02-02-01-08.wav,03,01,05,angry,02,02,01,8
/home/jupyter-dinuanandcr.23cse/project/Quantum_Audio_Emotion/Quantum_audio/data/raw/RAVDESS/Actor_08/03-01-05-02-02-02-08.wav,03,01,05,angry,02,02,02,8
/home/jupyter-dinuanandcr.23cse/project/Quantum_Audio_Emotion/Quantum_audio/data/raw/RAVDESS/Actor_08/03-01-06-01-01-01-08.wav,03,01,06,fearful,01,01,01,8
/home/jupyter-dinuanandcr.23cse/project/Quantum_Audio_Emotion/Quantum_audio/data/raw/RAVDESS/Actor_08/03-01-06-01-01-02-08.wav,03,01,06,fearful,01,01,02,8
/home/jupyter-dinuanandcr.23cse/project/Quantum_Audio_Emotion/Quantum_audio/data/raw/RAVDESS/Actor_08/03-01-06-01-02-01-08.wav,03,01,06,fearful,01,02,01,8
/home/jupyter-dinuanandcr.23cse/project/Quantum_Audio_Emotion/Quantum_audio/data/raw/RAVDESS/Actor_08/03-01-06-01-02-02-08.wav,03,01,06,fearful,01,02,02,8
/home/jupyter-dinuanandcr.23cse/project/Quantum_Audio_Emotion/Quantum_audio/data/raw/RAVDESS/Actor_08/03-01-06-02-01-01-08.wav,03,01,06,fearful,02,01,01,8
/home/jupyter-dinuanandcr.23cse/project/Quantum_Audio_Emotion/Quantum_audio/data/raw/RAVDESS/Actor_08/03-01-06-02-01-02-08.wav,03,01,06,fearful,02,01,02,8
/home/jupyter-dinuanandcr.23cse/project/Quantum_Audio_Emotion/Quantum_audio/data/raw/RAVDESS/Actor_08/03-01-06-02-02-01-08.wav,03,01,06,fearful,02,02,01,8
/home/jupyter-dinuanandcr.23cse/project/Quantum_Audio_Emotion/Quantum_audio/data/raw/RAVDESS/Actor_08/03-01-06-02-02-02-08.wav,03,01,06,fearful,02,02,02,8
/home/jupyter-dinuanandcr.23cse/project/Quantum_Audio_Emotion/Quantum_audio/data/raw/RAVDESS/Actor_08/03-01-07-01-01-01-08.wav,03,01,07,disgust,01,01,01,8
/home/jupyter-dinuanandcr.23cse/project/Quantum_Audio_Emotion/Quantum_audio/data/raw/RAVDESS/Actor_08/03-01-07-01-01-02-08.wav,03,01,07,disgust,01,01,02,8
/home/jupyter-dinuanandcr.23cse/project/Quantum_Audio_Emotion/Quantum_audio/data/raw/RAVDESS/Actor_08/03-01-07-01-02-01-08.wav,03,01,07,disgust,01,02,01,8
/home/jupyter-dinuanandcr.23cse/project/Quantum_Audio_Emotion/Quantum_audio/data/raw/RAVDESS/Actor_08/03-01-07-01-02-02-08.wav,03,01,07,disgust,01,02,02,8
/home/jupyter-dinuanandcr.23cse/project/Quantum_Audio_Emotion/Quantum_audio/data/raw/RAVDESS/Actor_08/03-01-07-02-01-01-08.wav,03,01,07,disgust,02,01,01,8
/home/jupyter-dinuanandcr.23cse/project/Quantum_Audio_Emotion/Quantum_audio/data/raw/RAVDESS/Actor_08/03-01-07-02-01-02-08.wav,03,01,07,disgust,02,01,02,8
/home/jupyter-dinuanandcr.23cse/project/Quantum_Audio_Emotion/Quantum_audio/data/raw/RAVDESS/Actor_08/03-01-07-02-02-01-08.wav,03,01,07,disgust,02,02,01,8
/home/jupyter-dinuanandcr.23cse/project/Quantum_Audio_Emotion/Quantum_audio/data/raw/RAVDESS/Actor_08/03-01-07-02-02-02-08.wav,03,01,07,disgust,02,02,02,8
/home/jupyter-dinuanandcr.23cse/project/Quantum_Audio_Emotion/Quantum_audio/data/raw/RAVDESS/Actor_08/03-01-08-01-01-01-08.wav,03,01,08,surprised,01,01,01,8
/home/jupyter-dinuanandcr.23cse/project/Quantum_Audio_Emotion/Quantum_audio/data/raw/RAVDESS/Actor_08/03-01-08-01-01-02-08.wav,03,01,08,surprised,01,01,02,8
/home/jupyter-dinuanandcr.23cse/project/Quantum_Audio_Emotion/Quantum_audio/data/raw/RAVDESS/Actor_08/03-01-08-01-02-01-08.wav,03,01,08,surprised,01,02,01,8
/home/jupyter-dinuanandcr.23cse/project/Quantum_Audio_Emotion/Quantum_audio/data/raw/RAVDESS/Actor_08/03-01-08-01-02-02-08.wav,03,01,08,surprised,01,02,02,8
/home/jupyter-dinuanandcr.23cse/project/Quantum_Audio_Emotion/Quantum_audio/data/raw/RAVDESS/Actor_08/03-01-08-02-01-01-08.wav,03,01,08,surprised,02,01,01,8
/home/jupyter-dinuanandcr.23cse/project/Quantum_Audio_Emotion/Quantum_audio/data/raw/RAVDESS/Actor_08/03-01-08-02-01-02-08.wav,03,01,08,surprised,02,01,02,8
/home/jupyter-dinuanandcr.23cse/project/Quantum_Audio_Emotion/Quantum_audio/data/raw/RAVDESS/Actor_08/03-01-08-02-02-01-08.wav,03,01,08,surprised,02,02,01,8
/home/jupyter-dinuanandcr.23cse/project/Quantum_Audio_Emotion/Quantum_audio/data/raw/RAVDESS/Actor_08/03-01-08-02-02-02-08.wav,03,01,08,surprised,02,02,02,8
/home/jupyter-dinuanandcr.23cse/project/Quantum_Audio_Emotion/Quantum_audio/data/raw/RAVDESS/Actor_09/03-01-01-01-01-01-09.wav,03,01,01,neutral,01,01,01,9
/home/jupyter-dinuanandcr.23cse/project/Quantum_Audio_Emotion/Quantum_audio/data/raw/RAVDESS/Actor_09/03-01-01-01-01-02-09.wav,03,01,01,neutral,01,01,02,9
/home/jupyter-dinuanandcr.23cse/project/Quantum_Audio_Emotion/Quantum_audio/data/raw/RAVDESS/Actor_09/03-01-01-01-02-01-09.wav,03,01,01,neutral,01,02,01,9
/home/jupyter-dinuanandcr.23cse/project/Quantum_Audio_Emotion/Quantum_audio/data/raw/RAVDESS/Actor_09/03-01-01-01-02-02-09.wav,03,01,01,neutral,01,02,02,9
/home/jupyter-dinuanandcr.23cse/project/Quantum_Audio_Emotion/Quantum_audio/data/raw/RAVDESS/Actor_09/03-01-02-01-01-01-09.wav,03,01,02,calm,01,01,01,9
/home/jupyter-dinuanandcr.23cse/project/Quantum_Audio_Emotion/Quantum_audio/data/raw/RAVDESS/Actor_09/03-01-02-01-01-02-09.wav,03,01,02,calm,01,01,02,9
/home/jupyter-dinuanandcr.23cse/project/Quantum_Audio_Emotion/Quantum_audio/data/raw/RAVDESS/Actor_09/03-01-02-01-02-01-09.wav,03,01,02,calm,01,02,01,9
/home/jupyter-dinuanandcr.23cse/project/Quantum_Audio_Emotion/Quantum_audio/data/raw/RAVDESS/Actor_09/03-01-02-01-02-02-09.wav,03,01,02,calm,01,02,02,9
/home/jupyter-dinuanandcr.23cse/project/Quantum_Audio_Emotion/Quantum_audio/data/raw/RAVDESS/Actor_09/03-01-02-02-01-01-09.wav,03,01,02,calm,02,01,01,9
/home/jupyter-dinuanandcr.23cse/project/Quantum_Audio_Emotion/Quantum_audio/data/raw/RAVDESS/Actor_09/03-01-02-02-01-02-09.wav,03,01,02,calm,02,01,02,9
/home/jupyter-dinuanandcr.23cse/project/Quantum_Audio_Emotion/Quantum_audio/data/raw/RAVDESS/Actor_09/03-01-02-02-02-01-09.wav,03,01,02,calm,02,02,01,9
/home/jupyter-dinuanandcr.23cse/project/Quantum_Audio_Emotion/Quantum_audio/data/raw/RAVDESS/Actor_09/03-01-02-02-02-02-09.wav,03,01,02,calm,02,02,02,9
/home/jupyter-dinuanandcr.23cse/project/Quantum_Audio_Emotion/Quantum_audio/data/raw/RAVDESS/Actor_09/03-01-03-01-01-01-09.wav,03,01,03,happy,01,01,01,9
/home/jupyter-dinuanandcr.23cse/project/Quantum_Audio_Emotion/Quantum_audio/data/raw/RAVDESS/Actor_09/03-01-03-01-01-02-09.wav,03,01,03,happy,01,01,02,9
/home/jupyter-dinuanandcr.23cse/project/Quantum_Audio_Emotion/Quantum_audio/data/raw/RAVDESS/Actor_09/03-01-03-01-02-01-09.wav,03,01,03,happy,01,02,01,9
/home/jupyter-dinuanandcr.23cse/project/Quantum_Audio_Emotion/Quantum_audio/data/raw/RAVDESS/Actor_09/03-01-03-01-02-02-09.wav,03,01,03,happy,01,02,02,9
/home/jupyter-dinuanandcr.23cse/project/Quantum_Audio_Emotion/Quantum_audio/data/raw/RAVDESS/Actor_09/03-01-03-02-01-01-09.wav,03,01,03,happy,02,01,01,9
/home/jupyter-dinuanandcr.23cse/project/Quantum_Audio_Emotion/Quantum_audio/data/raw/RAVDESS/Actor_09/03-01-03-02-01-02-09.wav,03,01,03,happy,02,01,02,9
/home/jupyter-dinuanandcr.23cse/project/Quantum_Audio_Emotion/Quantum_audio/data/raw/RAVDESS/Actor_09/03-01-03-02-02-01-09.wav,03,01,03,happy,02,02,01,9
/home/jupyter-dinuanandcr.23cse/project/Quantum_Audio_Emotion/Quantum_audio/data/raw/RAVDESS/Actor_09/03-01-03-02-02-02-09.wav,03,01,03,happy,02,02,02,9
/home/jupyter-dinuanandcr.23cse/project/Quantum_Audio_Emotion/Quantum_audio/data/raw/RAVDESS/Actor_09/03-01-04-01-01-01-09.wav,03,01,04,sad,01,01,01,9
/home/jupyter-dinuanandcr.23cse/project/Quantum_Audio_Emotion/Quantum_audio/data/raw/RAVDESS/Actor_09/03-01-04-01-01-02-09.wav,03,01,04,sad,01,01,02,9
/home/jupyter-dinuanandcr.23cse/project/Quantum_Audio_Emotion/Quantum_audio/data/raw/RAVDESS/Actor_09/03-01-04-01-02-01-09.wav,03,01,04,sad,01,02,01,9
/home/jupyter-dinuanandcr.23cse/project/Quantum_Audio_Emotion/Quantum_audio/data/raw/RAVDESS/Actor_09/03-01-04-01-02-02-09.wav,03,01,04,sad,01,02,02,9
/home/jupyter-dinuanandcr.23cse/project/Quantum_Audio_Emotion/Quantum_audio/data/raw/RAVDESS/Actor_09/03-01-04-02-01-01-09.wav,03,01,04,sad,02,01,01,9
/home/jupyter-dinuanandcr.23cse/project/Quantum_Audio_Emotion/Quantum_audio/data/raw/RAVDESS/Actor_09/03-01-04-02-01-02-09.wav,03,01,04,sad,02,01,02,9
/home/jupyter-dinuanandcr.23cse/project/Quantum_Audio_Emotion/Quantum_audio/data/raw/RAVDESS/Actor_09/03-01-04-02-02-01-09.wav,03,01,04,sad,02,02,01,9
/home/jupyter-dinuanandcr.23cse/project/Quantum_Audio_Emotion/Quantum_audio/data/raw/RAVDESS/Actor_09/03-01-04-02-02-02-09.wav,03,01,04,sad,02,02,02,9
/home/jupyter-dinuanandcr.23cse/project/Quantum_Audio_Emotion/Quantum_audio/data/raw/RAVDESS/Actor_09/03-01-05-01-01-01-09.wav,03,01,05,angry,01,01,01,9
/home/jupyter-dinuanandcr.23cse/project/Quantum_Audio_Emotion/Quantum_audio/data/raw/RAVDESS/Actor_09/03-01-05-01-01-02-09.wav,03,01,05,angry,01,01,02,9
/home/jupyter-dinuanandcr.23cse/project/Quantum_Audio_Emotion/Quantum_audio/data/raw/RAVDESS/Actor_09/03-01-05-01-02-01-09.wav,03,01,05,angry,01,02,01,9
/home/jupyter-dinuanandcr.23cse/project/Quantum_Audio_Emotion/Quantum_audio/data/raw/RAVDESS/Actor_09/03-01-05-01-02-02-09.wav,03,01,05,angry,01,02,02,9
/home/jupyter-dinuanandcr.23cse/project/Quantum_Audio_Emotion/Quantum_audio/data/raw/RAVDESS/Actor_09/03-01-05-02-01-01-09.wav,03,01,05,angry,02,01,01,9
/home/jupyter-dinuanandcr.23cse/project/Quantum_Audio_Emotion/Quantum_audio/data/raw/RAVDESS/Actor_09/03-01-05-02-01-02-09.wav,03,01,05,angry,02,01,02,9
/home/jupyter-dinuanandcr.23cse/project/Quantum_Audio_Emotion/Quantum_audio/data/raw/RAVDESS/Actor_09/03-01-05-02-02-01-09.wav,03,01,05,angry,02,02,01,9
/home/jupyter-dinuanandcr.23cse/project/Quantum_Audio_Emotion/Quantum_audio/data/raw/RAVDESS/Actor_09/03-01-05-02-02-02-09.wav,03,01,05,angry,02,02,02,9
/home/jupyter-dinuanandcr.23cse/project/Quantum_Audio_Emotion/Quantum_audio/data/raw/RAVDESS/Actor_09/03-01-06-01-01-01-09.wav,03,01,06,fearful,01,01,01,9
/home/jupyter-dinuanandcr.23cse/project/Quantum_Audio_Emotion/Quantum_audio/data/raw/RAVDESS/Actor_09/03-01-06-01-01-02-09.wav,03,01,06,fearful,01,01,02,9
/home/jupyter-dinuanandcr.23cse/project/Quantum_Audio_Emotion/Quantum_audio/data/raw/RAVDESS/Actor_09/03-01-06-01-02-01-09.wav,03,01,06,fearful,01,02,01,9
/home/jupyter-dinuanandcr.23cse/project/Quantum_Audio_Emotion/Quantum_audio/data/raw/RAVDESS/Actor_09/03-01-06-01-02-02-09.wav,03,01,06,fearful,01,02,02,9
/home/jupyter-dinuanandcr.23cse/project/Quantum_Audio_Emotion/Quantum_audio/data/raw/RAVDESS/Actor_09/03-01-06-02-01-01-09.wav,03,01,06,fearful,02,01,01,9
/home/jupyter-dinuanandcr.23cse/project/Quantum_Audio_Emotion/Quantum_audio/data/raw/RAVDESS/Actor_09/03-01-06-02-01-02-09.wav,03,01,06,fearful,02,01,02,9
/home/jupyter-dinuanandcr.23cse/project/Quantum_Audio_Emotion/Quantum_audio/data/raw/RAVDESS/Actor_09/03-01-06-02-02-01-09.wav,03,01,06,fearful,02,02,01,9
/home/jupyter-dinuanandcr.23cse/project/Quantum_Audio_Emotion/Quantum_audio/data/raw/RAVDESS/Actor_09/03-01-06-02-02-02-09.wav,03,01,06,fearful,02,02,02,9
/home/jupyter-dinuanandcr.23cse/project/Quantum_Audio_Emotion/Quantum_audio/data/raw/RAVDESS/Actor_09/03-01-07-01-01-01-09.wav,03,01,07,disgust,01,01,01,9
/home/jupyter-dinuanandcr.23cse/project/Quantum_Audio_Emotion/Quantum_audio/data/raw/RAVDESS/Actor_09/03-01-07-01-01-02-09.wav,03,01,07,disgust,01,01,02,9
/home/jupyter-dinuanandcr.23cse/project/Quantum_Audio_Emotion/Quantum_audio/data/raw/RAVDESS/Actor_09/03-01-07-01-02-01-09.wav,03,01,07,disgust,01,02,01,9
/home/jupyter-dinuanandcr.23cse/project/Quantum_Audio_Emotion/Quantum_audio/data/raw/RAVDESS/Actor_09/03-01-07-01-02-02-09.wav,03,01,07,disgust,01,02,02,9
/home/jupyter-dinuanandcr.23cse/project/Quantum_Audio_Emotion/Quantum_audio/data/raw/RAVDESS/Actor_09/03-01-07-02-01-01-09.wav,03,01,07,disgust,02,01,01,9
/home/jupyter-dinuanandcr.23cse/project/Quantum_Audio_Emotion/Quantum_audio/data/raw/RAVDESS/Actor_09/03-01-07-02-01-02-09.wav,03,01,07,disgust,02,01,02,9
/home/jupyter-dinuanandcr.23cse/project/Quantum_Audio_Emotion/Quantum_audio/data/raw/RAVDESS/Actor_09/03-01-07-02-02-01-09.wav,03,01,07,disgust,02,02,01,9
/home/jupyter-dinuanandcr.23cse/project/Quantum_Audio_Emotion/Quantum_audio/data/raw/RAVDESS/Actor_09/03-01-07-02-02-02-09.wav,03,01,07,disgust,02,02,02,9
/home/jupyter-dinuanandcr.23cse/project/Quantum_Audio_Emotion/Quantum_audio/data/raw/RAVDESS/Actor_09/03-01-08-01-01-01-09.wav,03,01,08,surprised,01,01,01,9
/home/jupyter-dinuanandcr.23cse/project/Quantum_Audio_Emotion/Quantum_audio/data/raw/RAVDESS/Actor_09/03-01-08-01-01-02-09.wav,03,01,08,surprised,01,01,02,9
/home/jupyter-dinuanandcr.23cse/project/Quantum_Audio_Emotion/Quantum_audio/data/raw/RAVDESS/Actor_09/03-01-08-01-02-01-09.wav,03,01,08,surprised,01,02,01,9
/home/jupyter-dinuanandcr.23cse/project/Quantum_Audio_Emotion/Quantum_audio/data/raw/RAVDESS/Actor_09/03-01-08-01-02-02-09.wav,03,01,08,surprised,01,02,02,9
/home/jupyter-dinuanandcr.23cse/project/Quantum_Audio_Emotion/Quantum_audio/data/raw/RAVDESS/Actor_09/03-01-08-02-01-01-09.wav,03,01,08,surprised,02,01,01,9
/home/jupyter-dinuanandcr.23cse/project/Quantum_Audio_Emotion/Quantum_audio/data/raw/RAVDESS/Actor_09/03-01-08-02-01-02-09.wav,03,01,08,surprised,02,01,02,9
/home/jupyter-dinuanandcr.23cse/project/Quantum_Audio_Emotion/Quantum_audio/data/raw/RAVDESS/Actor_09/03-01-08-02-02-01-09.wav,03,01,08,surprised,02,02,01,9
/home/jupyter-dinuanandcr.23cse/project/Quantum_Audio_Emotion/Quantum_audio/data/raw/RAVDESS/Actor_09/03-01-08-02-02-02-09.wav,03,01,08,surprised,02,02,02,9
/home/jupyter-dinuanandcr.23cse/project/Quantum_Audio_Emotion/Quantum_audio/data/raw/RAVDESS/Actor_10/03-01-01-01-01-01-10.wav,03,01,01,neutral,01,01,01,10
/home/jupyter-dinuanandcr.23cse/project/Quantum_Audio_Emotion/Quantum_audio/data/raw/RAVDESS/Actor_10/03-01-01-01-01-02-10.wav,03,01,01,neutral,01,01,02,10
/home/jupyter-dinuanandcr.23cse/project/Quantum_Audio_Emotion/Quantum_audio/data/raw/RAVDESS/Actor_10/03-01-01-01-02-01-10.wav,03,01,01,neutral,01,02,01,10
/home/jupyter-dinuanandcr.23cse/project/Quantum_Audio_Emotion/Quantum_audio/data/raw/RAVDESS/Actor_10/03-01-01-01-02-02-10.wav,03,01,01,neutral,01,02,02,10
/home/jupyter-dinuanandcr.23cse/project/Quantum_Audio_Emotion/Quantum_audio/data/raw/RAVDESS/Actor_10/03-01-02-01-01-01-10.wav,03,01,02,calm,01,01,01,10
/home/jupyter-dinuanandcr.23cse/project/Quantum_Audio_Emotion/Quantum_audio/data/raw/RAVDESS/Actor_10/03-01-02-01-01-02-10.wav,03,01,02,calm,01,01,02,10
/home/jupyter-dinuanandcr.23cse/project/Quantum_Audio_Emotion/Quantum_audio/data/raw/RAVDESS/Actor_10/03-01-02-01-02-01-10.wav,03,01,02,calm,01,02,01,10
/home/jupyter-dinuanandcr.23cse/project/Quantum_Audio_Emotion/Quantum_audio/data/raw/RAVDESS/Actor_10/03-01-02-01-02-02-10.wav,03,01,02,calm,01,02,02,10
/home/jupyter-dinuanandcr.23cse/project/Quantum_Audio_Emotion/Quantum_audio/data/raw/RAVDESS/Actor_10/03-01-02-02-01-01-10.wav,03,01,02,calm,02,01,01,10
/home/jupyter-dinuanandcr.23cse/project/Quantum_Audio_Emotion/Quantum_audio/data/raw/RAVDESS/Actor_10/03-01-02-02-01-02-10.wav,03,01,02,calm,02,01,02,10
/home/jupyter-dinuanandcr.23cse/project/Quantum_Audio_Emotion/Quantum_audio/data/raw/RAVDESS/Actor_10/03-01-02-02-02-01-10.wav,03,01,02,calm,02,02,01,10
/home/jupyter-dinuanandcr.23cse/project/Quantum_Audio_Emotion/Quantum_audio/data/raw/RAVDESS/Actor_10/03-01-02-02-02-02-10.wav,03,01,02,calm,02,02,02,10
/home/jupyter-dinuanandcr.23cse/project/Quantum_Audio_Emotion/Quantum_audio/data/raw/RAVDESS/Actor_10/03-01-03-01-01-01-10.wav,03,01,03,happy,01,01,01,10
/home/jupyter-dinuanandcr.23cse/project/Quantum_Audio_Emotion/Quantum_audio/data/raw/RAVDESS/Actor_10/03-01-03-01-01-02-10.wav,03,01,03,happy,01,01,02,10
/home/jupyter-dinuanandcr.23cse/project/Quantum_Audio_Emotion/Quantum_audio/data/raw/RAVDESS/Actor_10/03-01-03-01-02-01-10.wav,03,01,03,happy,01,02,01,10
/home/jupyter-dinuanandcr.23cse/project/Quantum_Audio_Emotion/Quantum_audio/data/raw/RAVDESS/Actor_10/03-01-03-01-02-02-10.wav,03,01,03,happy,01,02,02,10
/home/jupyter-dinuanandcr.23cse/project/Quantum_Audio_Emotion/Quantum_audio/data/raw/RAVDESS/Actor_10/03-01-03-02-01-01-10.wav,03,01,03,happy,02,01,01,10
/home/jupyter-dinuanandcr.23cse/project/Quantum_Audio_Emotion/Quantum_audio/data/raw/RAVDESS/Actor_10/03-01-03-02-01-02-10.wav,03,01,03,happy,02,01,02,10
/home/jupyter-dinuanandcr.23cse/project/Quantum_Audio_Emotion/Quantum_audio/data/raw/RAVDESS/Actor_10/03-01-03-02-02-01-10.wav,03,01,03,happy,02,02,01,10
/home/jupyter-dinuanandcr.23cse/project/Quantum_Audio_Emotion/Quantum_audio/data/raw/RAVDESS/Actor_10/03-01-03-02-02-02-10.wav,03,01,03,happy,02,02,02,10
/home/jupyter-dinuanandcr.23cse/project/Quantum_Audio_Emotion/Quantum_audio/data/raw/RAVDESS/Actor_10/03-01-04-01-01-01-10.wav,03,01,04,sad,01,01,01,10
/home/jupyter-dinuanandcr.23cse/project/Quantum_Audio_Emotion/Quantum_audio/data/raw/RAVDESS/Actor_10/03-01-04-01-01-02-10.wav,03,01,04,sad,01,01,02,10
/home/jupyter-dinuanandcr.23cse/project/Quantum_Audio_Emotion/Quantum_audio/data/raw/RAVDESS/Actor_10/03-01-04-01-02-01-10.wav,03,01,04,sad,01,02,01,10
/home/jupyter-dinuanandcr.23cse/project/Quantum_Audio_Emotion/Quantum_audio/data/raw/RAVDESS/Actor_10/03-01-04-01-02-02-10.wav,03,01,04,sad,01,02,02,10
/home/jupyter-dinuanandcr.23cse/project/Quantum_Audio_Emotion/Quantum_audio/data/raw/RAVDESS/Actor_10/03-01-04-02-01-01-10.wav,03,01,04,sad,02,01,01,10
/home/jupyter-dinuanandcr.23cse/project/Quantum_Audio_Emotion/Quantum_audio/data/raw/RAVDESS/Actor_10/03-01-04-02-01-02-10.wav,03,01,04,sad,02,01,02,10
/home/jupyter-dinuanandcr.23cse/project/Quantum_Audio_Emotion/Quantum_audio/data/raw/RAVDESS/Actor_10/03-01-04-02-02-01-10.wav,03,01,04,sad,02,02,01,10
/home/jupyter-dinuanandcr.23cse/project/Quantum_Audio_Emotion/Quantum_audio/data/raw/RAVDESS/Actor_10/03-01-04-02-02-02-10.wav,03,01,04,sad,02,02,02,10
/home/jupyter-dinuanandcr.23cse/project/Quantum_Audio_Emotion/Quantum_audio/data/raw/RAVDESS/Actor_10/03-01-05-01-01-01-10.wav,03,01,05,angry,01,01,01,10
/home/jupyter-dinuanandcr.23cse/project/Quantum_Audio_Emotion/Quantum_audio/data/raw/RAVDESS/Actor_10/03-01-05-01-01-02-10.wav,03,01,05,angry,01,01,02,10
/home/jupyter-dinuanandcr.23cse/project/Quantum_Audio_Emotion/Quantum_audio/data/raw/RAVDESS/Actor_10/03-01-05-01-02-01-10.wav,03,01,05,angry,01,02,01,10
/home/jupyter-dinuanandcr.23cse/project/Quantum_Audio_Emotion/Quantum_audio/data/raw/RAVDESS/Actor_10/03-01-05-01-02-02-10.wav,03,01,05,angry,01,02,02,10
/home/jupyter-dinuanandcr.23cse/project/Quantum_Audio_Emotion/Quantum_audio/data/raw/RAVDESS/Actor_10/03-01-05-02-01-01-10.wav,03,01,05,angry,02,01,01,10
/home/jupyter-dinuanandcr.23cse/project/Quantum_Audio_Emotion/Quantum_audio/data/raw/RAVDESS/Actor_10/03-01-05-02-01-02-10.wav,03,01,05,angry,02,01,02,10
/home/jupyter-dinuanandcr.23cse/project/Quantum_Audio_Emotion/Quantum_audio/data/raw/RAVDESS/Actor_10/03-01-05-02-02-01-10.wav,03,01,05,angry,02,02,01,10
/home/jupyter-dinuanandcr.23cse/project/Quantum_Audio_Emotion/Quantum_audio/data/raw/RAVDESS/Actor_10/03-01-05-02-02-02-10.wav,03,01,05,angry,02,02,02,10
/home/jupyter-dinuanandcr.23cse/project/Quantum_Audio_Emotion/Quantum_audio/data/raw/RAVDESS/Actor_10/03-01-06-01-01-01-10.wav,03,01,06,fearful,01,01,01,10
/home/jupyter-dinuanandcr.23cse/project/Quantum_Audio_Emotion/Quantum_audio/data/raw/RAVDESS/Actor_10/03-01-06-01-01-02-10.wav,03,01,06,fearful,01,01,02,10
/home/jupyter-dinuanandcr.23cse/project/Quantum_Audio_Emotion/Quantum_audio/data/raw/RAVDESS/Actor_10/03-01-06-01-02-01-10.wav,03,01,06,fearful,01,02,01,10
/home/jupyter-dinuanandcr.23cse/project/Quantum_Audio_Emotion/Quantum_audio/data/raw/RAVDESS/Actor_10/03-01-06-01-02-02-10.wav,03,01,06,fearful,01,02,02,10
/home/jupyter-dinuanandcr.23cse/project/Quantum_Audio_Emotion/Quantum_audio/data/raw/RAVDESS/Actor_10/03-01-06-02-01-01-10.wav,03,01,06,fearful,02,01,01,10
/home/jupyter-dinuanandcr.23cse/project/Quantum_Audio_Emotion/Quantum_audio/data/raw/RAVDESS/Actor_10/03-01-06-02-01-02-10.wav,03,01,06,fearful,02,01,02,10
/home/jupyter-dinuanandcr.23cse/project/Quantum_Audio_Emotion/Quantum_audio/data/raw/RAVDESS/Actor_10/03-01-06-02-02-01-10.wav,03,01,06,fearful,02,02,01,10
/home/jupyter-dinuanandcr.23cse/project/Quantum_Audio_Emotion/Quantum_audio/data/raw/RAVDESS/Actor_10/03-01-06-02-02-02-10.wav,03,01,06,fearful,02,02,02,10
/home/jupyter-dinuanandcr.23cse/project/Quantum_Audio_Emotion/Quantum_audio/data/raw/RAVDESS/Actor_10/03-01-07-01-01-01-10.wav,03,01,07,disgust,01,01,01,10
/home/jupyter-dinuanandcr.23cse/project/Quantum_Audio_Emotion/Quantum_audio/data/raw/RAVDESS/Actor_10/03-01-07-01-01-02-10.wav,03,01,07,disgust,01,01,02,10
/home/jupyter-dinuanandcr.23cse/project/Quantum_Audio_Emotion/Quantum_audio/data/raw/RAVDESS/Actor_10/03-01-07-01-02-01-10.wav,03,01,07,disgust,01,02,01,10
/home/jupyter-dinuanandcr.23cse/project/Quantum_Audio_Emotion/Quantum_audio/data/raw/RAVDESS/Actor_10/03-01-07-01-02-02-10.wav,03,01,07,disgust,01,02,02,10
/home/jupyter-dinuanandcr.23cse/project/Quantum_Audio_Emotion/Quantum_audio/data/raw/RAVDESS/Actor_10/03-01-07-02-01-01-10.wav,03,01,07,disgust,02,01,01,10
/home/jupyter-dinuanandcr.23cse/project/Quantum_Audio_Emotion/Quantum_audio/data/raw/RAVDESS/Actor_10/03-01-07-02-01-02-10.wav,03,01,07,disgust,02,01,02,10
/home/jupyter-dinuanandcr.23cse/project/Quantum_Audio_Emotion/Quantum_audio/data/raw/RAVDESS/Actor_10/03-01-07-02-02-01-10.wav,03,01,07,disgust,02,02,01,10
/home/jupyter-dinuanandcr.23cse/project/Quantum_Audio_Emotion/Quantum_audio/data/raw/RAVDESS/Actor_10/03-01-07-02-02-02-10.wav,03,01,07,disgust,02,02,02,10
/home/jupyter-dinuanandcr.23cse/project/Quantum_Audio_Emotion/Quantum_audio/data/raw/RAVDESS/Actor_10/03-01-08-01-01-01-10.wav,03,01,08,surprised,01,01,01,10
/home/jupyter-dinuanandcr.23cse/project/Quantum_Audio_Emotion/Quantum_audio/data/raw/RAVDESS/Actor_10/03-01-08-01-01-02-10.wav,03,01,08,surprised,01,01,02,10
/home/jupyter-dinuanandcr.23cse/project/Quantum_Audio_Emotion/Quantum_audio/data/raw/RAVDESS/Actor_10/03-01-08-01-02-01-10.wav,03,01,08,surprised,01,02,01,10
/home/jupyter-dinuanandcr.23cse/project/Quantum_Audio_Emotion/Quantum_audio/data/raw/RAVDESS/Actor_10/03-01-08-01-02-02-10.wav,03,01,08,surprised,01,02,02,10
/home/jupyter-dinuanandcr.23cse/project/Quantum_Audio_Emotion/Quantum_audio/data/raw/RAVDESS/Actor_10/03-01-08-02-01-01-10.wav,03,01,08,surprised,02,01,01,10
/home/jupyter-dinuanandcr.23cse/project/Quantum_Audio_Emotion/Quantum_audio/data/raw/RAVDESS/Actor_10/03-01-08-02-01-02-10.wav,03,01,08,surprised,02,01,02,10
/home/jupyter-dinuanandcr.23cse/project/Quantum_Audio_Emotion/Quantum_audio/data/raw/RAVDESS/Actor_10/03-01-08-02-02-01-10.wav,03,01,08,surprised,02,02,01,10
/home/jupyter-dinuanandcr.23cse/project/Quantum_Audio_Emotion/Quantum_audio/data/raw/RAVDESS/Actor_10/03-01-08-02-02-02-10.wav,03,01,08,surprised,02,02,02,10
/home/jupyter-dinuanandcr.23cse/project/Quantum_Audio_Emotion/Quantum_audio/data/raw/RAVDESS/Actor_11/03-01-01-01-01-01-11.wav,03,01,01,neutral,01,01,01,11
/home/jupyter-dinuanandcr.23cse/project/Quantum_Audio_Emotion/Quantum_audio/data/raw/RAVDESS/Actor_11/03-01-01-01-01-02-11.wav,03,01,01,neutral,01,01,02,11
/home/jupyter-dinuanandcr.23cse/project/Quantum_Audio_Emotion/Quantum_audio/data/raw/RAVDESS/Actor_11/03-01-01-01-02-01-11.wav,03,01,01,neutral,01,02,01,11
/home/jupyter-dinuanandcr.23cse/project/Quantum_Audio_Emotion/Quantum_audio/data/raw/RAVDESS/Actor_11/03-01-01-01-02-02-11.wav,03,01,01,neutral,01,02,02,11
/home/jupyter-dinuanandcr.23cse/project/Quantum_Audio_Emotion/Quantum_audio/data/raw/RAVDESS/Actor_11/03-01-02-01-01-01-11.wav,03,01,02,calm,01,01,01,11
/home/jupyter-dinuanandcr.23cse/project/Quantum_Audio_Emotion/Quantum_audio/data/raw/RAVDESS/Actor_11/03-01-02-01-01-02-11.wav,03,01,02,calm,01,01,02,11
/home/jupyter-dinuanandcr.23cse/project/Quantum_Audio_Emotion/Quantum_audio/data/raw/RAVDESS/Actor_11/03-01-02-01-02-01-11.wav,03,01,02,calm,01,02,01,11
/home/jupyter-dinuanandcr.23cse/project/Quantum_Audio_Emotion/Quantum_audio/data/raw/RAVDESS/Actor_11/03-01-02-01-02-02-11.wav,03,01,02,calm,01,02,02,11
/home/jupyter-dinuanandcr.23cse/project/Quantum_Audio_Emotion/Quantum_audio/data/raw/RAVDESS/Actor_11/03-01-02-02-01-01-11.wav,03,01,02,calm,02,01,01,11
/home/jupyter-dinuanandcr.23cse/project/Quantum_Audio_Emotion/Quantum_audio/data/raw/RAVDESS/Actor_11/03-01-02-02-01-02-11.wav,03,01,02,calm,02,01,02,11
/home/jupyter-dinuanandcr.23cse/project/Quantum_Audio_Emotion/Quantum_audio/data/raw/RAVDESS/Actor_11/03-01-02-02-02-01-11.wav,03,01,02,calm,02,02,01,11
/home/jupyter-dinuanandcr.23cse/project/Quantum_Audio_Emotion/Quantum_audio/data/raw/RAVDESS/Actor_11/03-01-02-02-02-02-11.wav,03,01,02,calm,02,02,02,11
/home/jupyter-dinuanandcr.23cse/project/Quantum_Audio_Emotion/Quantum_audio/data/raw/RAVDESS/Actor_11/03-01-03-01-01-01-11.wav,03,01,03,happy,01,01,01,11
/home/jupyter-dinuanandcr.23cse/project/Quantum_Audio_Emotion/Quantum_audio/data/raw/RAVDESS/Actor_11/03-01-03-01-01-02-11.wav,03,01,03,happy,01,01,02,11
/home/jupyter-dinuanandcr.23cse/project/Quantum_Audio_Emotion/Quantum_audio/data/raw/RAVDESS/Actor_11/03-01-03-01-02-01-11.wav,03,01,03,happy,01,02,01,11
/home/jupyter-dinuanandcr.23cse/project/Quantum_Audio_Emotion/Quantum_audio/data/raw/RAVDESS/Actor_11/03-01-03-01-02-02-11.wav,03,01,03,happy,01,02,02,11
/home/jupyter-dinuanandcr.23cse/project/Quantum_Audio_Emotion/Quantum_audio/data/raw/RAVDESS/Actor_11/03-01-03-02-01-01-11.wav,03,01,03,happy,02,01,01,11
/home/jupyter-dinuanandcr.23cse/project/Quantum_Audio_Emotion/Quantum_audio/data/raw/RAVDESS/Actor_11/03-01-03-02-01-02-11.wav,03,01,03,happy,02,01,02,11
/home/jupyter-dinuanandcr.23cse/project/Quantum_Audio_Emotion/Quantum_audio/data/raw/RAVDESS/Actor_11/03-01-03-02-02-01-11.wav,03,01,03,happy,02,02,01,11
/home/jupyter-dinuanandcr.23cse/project/Quantum_Audio_Emotion/Quantum_audio/data/raw/RAVDESS/Actor_11/03-01-03-02-02-02-11.wav,03,01,03,happy,02,02,02,11
/home/jupyter-dinuanandcr.23cse/project/Quantum_Audio_Emotion/Quantum_audio/data/raw/RAVDESS/Actor_11/03-01-04-01-01-01-11.wav,03,01,04,sad,01,01,01,11
/home/jupyter-dinuanandcr.23cse/project/Quantum_Audio_Emotion/Quantum_audio/data/raw/RAVDESS/Actor_11/03-01-04-01-01-02-11.wav,03,01,04,sad,01,01,02,11
/home/jupyter-dinuanandcr.23cse/project/Quantum_Audio_Emotion/Quantum_audio/data/raw/RAVDESS/Actor_11/03-01-04-01-02-01-11.wav,03,01,04,sad,01,02,01,11
/home/jupyter-dinuanandcr.23cse/project/Quantum_Audio_Emotion/Quantum_audio/data/raw/RAVDESS/Actor_11/03-01-04-01-02-02-11.wav,03,01,04,sad,01,02,02,11
/home/jupyter-dinuanandcr.23cse/project/Quantum_Audio_Emotion/Quantum_audio/data/raw/RAVDESS/Actor_11/03-01-04-02-01-01-11.wav,03,01,04,sad,02,01,01,11
/home/jupyter-dinuanandcr.23cse/project/Quantum_Audio_Emotion/Quantum_audio/data/raw/RAVDESS/Actor_11/03-01-04-02-01-02-11.wav,03,01,04,sad,02,01,02,11
/home/jupyter-dinuanandcr.23cse/project/Quantum_Audio_Emotion/Quantum_audio/data/raw/RAVDESS/Actor_11/03-01-04-02-02-01-11.wav,03,01,04,sad,02,02,01,11
/home/jupyter-dinuanandcr.23cse/project/Quantum_Audio_Emotion/Quantum_audio/data/raw/RAVDESS/Actor_11/03-01-04-02-02-02-11.wav,03,01,04,sad,02,02,02,11
/home/jupyter-dinuanandcr.23cse/project/Quantum_Audio_Emotion/Quantum_audio/data/raw/RAVDESS/Actor_11/03-01-05-01-01-01-11.wav,03,01,05,angry,01,01,01,11
/home/jupyter-dinuanandcr.23cse/project/Quantum_Audio_Emotion/Quantum_audio/data/raw/RAVDESS/Actor_11/03-01-05-01-01-02-11.wav,03,01,05,angry,01,01,02,11
/home/jupyter-dinuanandcr.23cse/project/Quantum_Audio_Emotion/Quantum_audio/data/raw/RAVDESS/Actor_11/03-01-05-01-02-01-11.wav,03,01,05,angry,01,02,01,11
/home/jupyter-dinuanandcr.23cse/project/Quantum_Audio_Emotion/Quantum_audio/data/raw/RAVDESS/Actor_11/03-01-05-01-02-02-11.wav,03,01,05,angry,01,02,02,11
/home/jupyter-dinuanandcr.23cse/project/Quantum_Audio_Emotion/Quantum_audio/data/raw/RAVDESS/Actor_11/03-01-05-02-01-01-11.wav,03,01,05,angry,02,01,01,11
/home/jupyter-dinuanandcr.23cse/project/Quantum_Audio_Emotion/Quantum_audio/data/raw/RAVDESS/Actor_11/03-01-05-02-01-02-11.wav,03,01,05,angry,02,01,02,11
/home/jupyter-dinuanandcr.23cse/project/Quantum_Audio_Emotion/Quantum_audio/data/raw/RAVDESS/Actor_11/03-01-05-02-02-01-11.wav,03,01,05,angry,02,02,01,11
/home/jupyter-dinuanandcr.23cse/project/Quantum_Audio_Emotion/Quantum_audio/data/raw/RAVDESS/Actor_11/03-01-05-02-02-02-11.wav,03,01,05,angry,02,02,02,11
/home/jupyter-dinuanandcr.23cse/project/Quantum_Audio_Emotion/Quantum_audio/data/raw/RAVDESS/Actor_11/03-01-06-01-01-01-11.wav,03,01,06,fearful,01,01,01,11
/home/jupyter-dinuanandcr.23cse/project/Quantum_Audio_Emotion/Quantum_audio/data/raw/RAVDESS/Actor_11/03-01-06-01-01-02-11.wav,03,01,06,fearful,01,01,02,11
/home/jupyter-dinuanandcr.23cse/project/Quantum_Audio_Emotion/Quantum_audio/data/raw/RAVDESS/Actor_11/03-01-06-01-02-01-11.wav,03,01,06,fearful,01,02,01,11
/home/jupyter-dinuanandcr.23cse/project/Quantum_Audio_Emotion/Quantum_audio/data/raw/RAVDESS/Actor_11/03-01-06-01-02-02-11.wav,03,01,06,fearful,01,02,02,11
/home/jupyter-dinuanandcr.23cse/project/Quantum_Audio_Emotion/Quantum_audio/data/raw/RAVDESS/Actor_11/03-01-06-02-01-01-11.wav,03,01,06,fearful,02,01,01,11
/home/jupyter-dinuanandcr.23cse/project/Quantum_Audio_Emotion/Quantum_audio/data/raw/RAVDESS/Actor_11/03-01-06-02-01-02-11.wav,03,01,06,fearful,02,01,02,11
/home/jupyter-dinuanandcr.23cse/project/Quantum_Audio_Emotion/Quantum_audio/data/raw/RAVDESS/Actor_11/03-01-06-02-02-01-11.wav,03,01,06,fearful,02,02,01,11
/home/jupyter-dinuanandcr.23cse/project/Quantum_Audio_Emotion/Quantum_audio/data/raw/RAVDESS/Actor_11/03-01-06-02-02-02-11.wav,03,01,06,fearful,02,02,02,11
/home/jupyter-dinuanandcr.23cse/project/Quantum_Audio_Emotion/Quantum_audio/data/raw/RAVDESS/Actor_11/03-01-07-01-01-01-11.wav,03,01,07,disgust,01,01,01,11
/home/jupyter-dinuanandcr.23cse/project/Quantum_Audio_Emotion/Quantum_audio/data/raw/RAVDESS/Actor_11/03-01-07-01-01-02-11.wav,03,01,07,disgust,01,01,02,11
/home/jupyter-dinuanandcr.23cse/project/Quantum_Audio_Emotion/Quantum_audio/data/raw/RAVDESS/Actor_11/03-01-07-01-02-01-11.wav,03,01,07,disgust,01,02,01,11
/home/jupyter-dinuanandcr.23cse/project/Quantum_Audio_Emotion/Quantum_audio/data/raw/RAVDESS/Actor_11/03-01-07-01-02-02-11.wav,03,01,07,disgust,01,02,02,11
/home/jupyter-dinuanandcr.23cse/project/Quantum_Audio_Emotion/Quantum_audio/data/raw/RAVDESS/Actor_11/03-01-07-02-01-01-11.wav,03,01,07,disgust,02,01,01,11
/home/jupyter-dinuanandcr.23cse/project/Quantum_Audio_Emotion/Quantum_audio/data/raw/RAVDESS/Actor_11/03-01-07-02-01-02-11.wav,03,01,07,disgust,02,01,02,11
/home/jupyter-dinuanandcr.23cse/project/Quantum_Audio_Emotion/Quantum_audio/data/raw/RAVDESS/Actor_11/03-01-07-02-02-01-11.wav,03,01,07,disgust,02,02,01,11
/home/jupyter-dinuanandcr.23cse/project/Quantum_Audio_Emotion/Quantum_audio/data/raw/RAVDESS/Actor_11/03-01-07-02-02-02-11.wav,03,01,07,disgust,02,02,02,11
/home/jupyter-dinuanandcr.23cse/project/Quantum_Audio_Emotion/Quantum_audio/data/raw/RAVDESS/Actor_11/03-01-08-01-01-01-11.wav,03,01,08,surprised,01,01,01,11
/home/jupyter-dinuanandcr.23cse/project/Quantum_Audio_Emotion/Quantum_audio/data/raw/RAVDESS/Actor_11/03-01-08-01-01-02-11.wav,03,01,08,surprised,01,01,02,11
/home/jupyter-dinuanandcr.23cse/project/Quantum_Audio_Emotion/Quantum_audio/data/raw/RAVDESS/Actor_11/03-01-08-01-02-01-11.wav,03,01,08,surprised,01,02,01,11
/home/jupyter-dinuanandcr.23cse/project/Quantum_Audio_Emotion/Quantum_audio/data/raw/RAVDESS/Actor_11/03-01-08-01-02-02-11.wav,03,01,08,surprised,01,02,02,11
/home/jupyter-dinuanandcr.23cse/project/Quantum_Audio_Emotion/Quantum_audio/data/raw/RAVDESS/Actor_11/03-01-08-02-01-01-11.wav,03,01,08,surprised,02,01,01,11
/home/jupyter-dinuanandcr.23cse/project/Quantum_Audio_Emotion/Quantum_audio/data/raw/RAVDESS/Actor_11/03-01-08-02-01-02-11.wav,03,01,08,surprised,02,01,02,11
/home/jupyter-dinuanandcr.23cse/project/Quantum_Audio_Emotion/Quantum_audio/data/raw/RAVDESS/Actor_11/03-01-08-02-02-01-11.wav,03,01,08,surprised,02,02,01,11
/home/jupyter-dinuanandcr.23cse/project/Quantum_Audio_Emotion/Quantum_audio/data/raw/RAVDESS/Actor_11/03-01-08-02-02-02-11.wav,03,01,08,surprised,02,02,02,11
/home/jupyter-dinuanandcr.23cse/project/Quantum_Audio_Emotion/Quantum_audio/data/raw/RAVDESS/Actor_12/03-01-01-01-01-01-12.wav,03,01,01,neutral,01,01,01,12
/home/jupyter-dinuanandcr.23cse/project/Quantum_Audio_Emotion/Quantum_audio/data/raw/RAVDESS/Actor_12/03-01-01-01-01-02-12.wav,03,01,01,neutral,01,01,02,12
/home/jupyter-dinuanandcr.23cse/project/Quantum_Audio_Emotion/Quantum_audio/data/raw/RAVDESS/Actor_12/03-01-01-01-02-01-12.wav,03,01,01,neutral,01,02,01,12
/home/jupyter-dinuanandcr.23cse/project/Quantum_Audio_Emotion/Quantum_audio/data/raw/RAVDESS/Actor_12/03-01-01-01-02-02-12.wav,03,01,01,neutral,01,02,02,12
/home/jupyter-dinuanandcr.23cse/project/Quantum_Audio_Emotion/Quantum_audio/data/raw/RAVDESS/Actor_12/03-01-02-01-01-01-12.wav,03,01,02,calm,01,01,01,12
/home/jupyter-dinuanandcr.23cse/project/Quantum_Audio_Emotion/Quantum_audio/data/raw/RAVDESS/Actor_12/03-01-02-01-01-02-12.wav,03,01,02,calm,01,01,02,12
/home/jupyter-dinuanandcr.23cse/project/Quantum_Audio_Emotion/Quantum_audio/data/raw/RAVDESS/Actor_12/03-01-02-01-02-01-12.wav,03,01,02,calm,01,02,01,12
/home/jupyter-dinuanandcr.23cse/project/Quantum_Audio_Emotion/Quantum_audio/data/raw/RAVDESS/Actor_12/03-01-02-01-02-02-12.wav,03,01,02,calm,01,02,02,12
/home/jupyter-dinuanandcr.23cse/project/Quantum_Audio_Emotion/Quantum_audio/data/raw/RAVDESS/Actor_12/03-01-02-02-01-01-12.wav,03,01,02,calm,02,01,01,12
/home/jupyter-dinuanandcr.23cse/project/Quantum_Audio_Emotion/Quantum_audio/data/raw/RAVDESS/Actor_12/03-01-02-02-01-02-12.wav,03,01,02,calm,02,01,02,12
/home/jupyter-dinuanandcr.23cse/project/Quantum_Audio_Emotion/Quantum_audio/data/raw/RAVDESS/Actor_12/03-01-02-02-02-01-12.wav,03,01,02,calm,02,02,01,12
/home/jupyter-dinuanandcr.23cse/project/Quantum_Audio_Emotion/Quantum_audio/data/raw/RAVDESS/Actor_12/03-01-02-02-02-02-12.wav,03,01,02,calm,02,02,02,12
/home/jupyter-dinuanandcr.23cse/project/Quantum_Audio_Emotion/Quantum_audio/data/raw/RAVDESS/Actor_12/03-01-03-01-01-01-12.wav,03,01,03,happy,01,01,01,12
/home/jupyter-dinuanandcr.23cse/project/Quantum_Audio_Emotion/Quantum_audio/data/raw/RAVDESS/Actor_12/03-01-03-01-01-02-12.wav,03,01,03,happy,01,01,02,12
/home/jupyter-dinuanandcr.23cse/project/Quantum_Audio_Emotion/Quantum_audio/data/raw/RAVDESS/Actor_12/03-01-03-01-02-01-12.wav,03,01,03,happy,01,02,01,12
/home/jupyter-dinuanandcr.23cse/project/Quantum_Audio_Emotion/Quantum_audio/data/raw/RAVDESS/Actor_12/03-01-03-01-02-02-12.wav,03,01,03,happy,01,02,02,12
/home/jupyter-dinuanandcr.23cse/project/Quantum_Audio_Emotion/Quantum_audio/data/raw/RAVDESS/Actor_12/03-01-03-02-01-01-12.wav,03,01,03,happy,02,01,01,12
/home/jupyter-dinuanandcr.23cse/project/Quantum_Audio_Emotion/Quantum_audio/data/raw/RAVDESS/Actor_12/03-01-03-02-01-02-12.wav,03,01,03,happy,02,01,02,12
/home/jupyter-dinuanandcr.23cse/project/Quantum_Audio_Emotion/Quantum_audio/data/raw/RAVDESS/Actor_12/03-01-03-02-02-01-12.wav,03,01,03,happy,02,02,01,12
/home/jupyter-dinuanandcr.23cse/project/Quantum_Audio_Emotion/Quantum_audio/data/raw/RAVDESS/Actor_12/03-01-03-02-02-02-12.wav,03,01,03,happy,02,02,02,12
/home/jupyter-dinuanandcr.23cse/project/Quantum_Audio_Emotion/Quantum_audio/data/raw/RAVDESS/Actor_12/03-01-04-01-01-01-12.wav,03,01,04,sad,01,01,01,12
/home/jupyter-dinuanandcr.23cse/project/Quantum_Audio_Emotion/Quantum_audio/data/raw/RAVDESS/Actor_12/03-01-04-01-01-02-12.wav,03,01,04,sad,01,01,02,12
/home/jupyter-dinuanandcr.23cse/project/Quantum_Audio_Emotion/Quantum_audio/data/raw/RAVDESS/Actor_12/03-01-04-01-02-01-12.wav,03,01,04,sad,01,02,01,12
/home/jupyter-dinuanandcr.23cse/project/Quantum_Audio_Emotion/Quantum_audio/data/raw/RAVDESS/Actor_12/03-01-04-01-02-02-12.wav,03,01,04,sad,01,02,02,12
/home/jupyter-dinuanandcr.23cse/project/Quantum_Audio_Emotion/Quantum_audio/data/raw/RAVDESS/Actor_12/03-01-04-02-01-01-12.wav,03,01,04,sad,02,01,01,12
/home/jupyter-dinuanandcr.23cse/project/Quantum_Audio_Emotion/Quantum_audio/data/raw/RAVDESS/Actor_12/03-01-04-02-01-02-12.wav,03,01,04,sad,02,01,02,12
/home/jupyter-dinuanandcr.23cse/project/Quantum_Audio_Emotion/Quantum_audio/data/raw/RAVDESS/Actor_12/03-01-04-02-02-01-12.wav,03,01,04,sad,02,02,01,12
/home/jupyter-dinuanandcr.23cse/project/Quantum_Audio_Emotion/Quantum_audio/data/raw/RAVDESS/Actor_12/03-01-04-02-02-02-12.wav,03,01,04,sad,02,02,02,12
/home/jupyter-dinuanandcr.23cse/project/Quantum_Audio_Emotion/Quantum_audio/data/raw/RAVDESS/Actor_12/03-01-05-01-01-01-12.wav,03,01,05,angry,01,01,01,12
/home/jupyter-dinuanandcr.23cse/project/Quantum_Audio_Emotion/Quantum_audio/data/raw/RAVDESS/Actor_12/03-01-05-01-01-02-12.wav,03,01,05,angry,01,01,02,12
/home/jupyter-dinuanandcr.23cse/project/Quantum_Audio_Emotion/Quantum_audio/data/raw/RAVDESS/Actor_12/03-01-05-01-02-01-12.wav,03,01,05,angry,01,02,01,12
/home/jupyter-dinuanandcr.23cse/project/Quantum_Audio_Emotion/Quantum_audio/data/raw/RAVDESS/Actor_12/03-01-05-01-02-02-12.wav,03,01,05,angry,01,02,02,12
/home/jupyter-dinuanandcr.23cse/project/Quantum_Audio_Emotion/Quantum_audio/data/raw/RAVDESS/Actor_12/03-01-05-02-01-01-12.wav,03,01,05,angry,02,01,01,12
/home/jupyter-dinuanandcr.23cse/project/Quantum_Audio_Emotion/Quantum_audio/data/raw/RAVDESS/Actor_12/03-01-05-02-01-02-12.wav,03,01,05,angry,02,01,02,12
/home/jupyter-dinuanandcr.23cse/project/Quantum_Audio_Emotion/Quantum_audio/data/raw/RAVDESS/Actor_12/03-01-05-02-02-01-12.wav,03,01,05,angry,02,02,01,12
/home/jupyter-dinuanandcr.23cse/project/Quantum_Audio_Emotion/Quantum_audio/data/raw/RAVDESS/Actor_12/03-01-05-02-02-02-12.wav,03,01,05,angry,02,02,02,12
/home/jupyter-dinuanandcr.23cse/project/Quantum_Audio_Emotion/Quantum_audio/data/raw/RAVDESS/Actor_12/03-01-06-01-01-01-12.wav,03,01,06,fearful,01,01,01,12
/home/jupyter-dinuanandcr.23cse/project/Quantum_Audio_Emotion/Quantum_audio/data/raw/RAVDESS/Actor_12/03-01-06-01-01-02-12.wav,03,01,06,fearful,01,01,02,12
/home/jupyter-dinuanandcr.23cse/project/Quantum_Audio_Emotion/Quantum_audio/data/raw/RAVDESS/Actor_12/03-01-06-01-02-01-12.wav,03,01,06,fearful,01,02,01,12
/home/jupyter-dinuanandcr.23cse/project/Quantum_Audio_Emotion/Quantum_audio/data/raw/RAVDESS/Actor_12/03-01-06-01-02-02-12.wav,03,01,06,fearful,01,02,02,12
/home/jupyter-dinuanandcr.23cse/project/Quantum_Audio_Emotion/Quantum_audio/data/raw/RAVDESS/Actor_12/03-01-06-02-01-01-12.wav,03,01,06,fearful,02,01,01,12
/home/jupyter-dinuanandcr.23cse/project/Quantum_Audio_Emotion/Quantum_audio/data/raw/RAVDESS/Actor_12/03-01-06-02-01-02-12.wav,03,01,06,fearful,02,01,02,12
/home/jupyter-dinuanandcr.23cse/project/Quantum_Audio_Emotion/Quantum_audio/data/raw/RAVDESS/Actor_12/03-01-06-02-02-01-12.wav,03,01,06,fearful,02,02,01,12
/home/jupyter-dinuanandcr.23cse/project/Quantum_Audio_Emotion/Quantum_audio/data/raw/RAVDESS/Actor_12/03-01-06-02-02-02-12.wav,03,01,06,fearful,02,02,02,12
/home/jupyter-dinuanandcr.23cse/project/Quantum_Audio_Emotion/Quantum_audio/data/raw/RAVDESS/Actor_12/03-01-07-01-01-01-12.wav,03,01,07,disgust,01,01,01,12
/home/jupyter-dinuanandcr.23cse/project/Quantum_Audio_Emotion/Quantum_audio/data/raw/RAVDESS/Actor_12/03-01-07-01-01-02-12.wav,03,01,07,disgust,01,01,02,12
/home/jupyter-dinuanandcr.23cse/project/Quantum_Audio_Emotion/Quantum_audio/data/raw/RAVDESS/Actor_12/03-01-07-01-02-01-12.wav,03,01,07,disgust,01,02,01,12
/home/jupyter-dinuanandcr.23cse/project/Quantum_Audio_Emotion/Quantum_audio/data/raw/RAVDESS/Actor_12/03-01-07-01-02-02-12.wav,03,01,07,disgust,01,02,02,12
/home/jupyter-dinuanandcr.23cse/project/Quantum_Audio_Emotion/Quantum_audio/data/raw/RAVDESS/Actor_12/03-01-07-02-01-01-12.wav,03,01,07,disgust,02,01,01,12
/home/jupyter-dinuanandcr.23cse/project/Quantum_Audio_Emotion/Quantum_audio/data/raw/RAVDESS/Actor_12/03-01-07-02-01-02-12.wav,03,01,07,disgust,02,01,02,12
/home/jupyter-dinuanandcr.23cse/project/Quantum_Audio_Emotion/Quantum_audio/data/raw/RAVDESS/Actor_12/03-01-07-02-02-01-12.wav,03,01,07,disgust,02,02,01,12
/home/jupyter-dinuanandcr.23cse/project/Quantum_Audio_Emotion/Quantum_audio/data/raw/RAVDESS/Actor_12/03-01-07-02-02-02-12.wav,03,01,07,disgust,02,02,02,12
/home/jupyter-dinuanandcr.23cse/project/Quantum_Audio_Emotion/Quantum_audio/data/raw/RAVDESS/Actor_12/03-01-08-01-01-01-12.wav,03,01,08,surprised,01,01,01,12
/home/jupyter-dinuanandcr.23cse/project/Quantum_Audio_Emotion/Quantum_audio/data/raw/RAVDESS/Actor_12/03-01-08-01-01-02-12.wav,03,01,08,surprised,01,01,02,12
/home/jupyter-dinuanandcr.23cse/project/Quantum_Audio_Emotion/Quantum_audio/data/raw/RAVDESS/Actor_12/03-01-08-01-02-01-12.wav,03,01,08,surprised,01,02,01,12
/home/jupyter-dinuanandcr.23cse/project/Quantum_Audio_Emotion/Quantum_audio/data/raw/RAVDESS/Actor_12/03-01-08-01-02-02-12.wav,03,01,08,surprised,01,02,02,12
/home/jupyter-dinuanandcr.23cse/project/Quantum_Audio_Emotion/Quantum_audio/data/raw/RAVDESS/Actor_12/03-01-08-02-01-01-12.wav,03,01,08,surprised,02,01,01,12
/home/jupyter-dinuanandcr.23cse/project/Quantum_Audio_Emotion/Quantum_audio/data/raw/RAVDESS/Actor_12/03-01-08-02-01-02-12.wav,03,01,08,surprised,02,01,02,12
/home/jupyter-dinuanandcr.23cse/project/Quantum_Audio_Emotion/Quantum_audio/data/raw/RAVDESS/Actor_12/03-01-08-02-02-01-12.wav,03,01,08,surprised,02,02,01,12
/home/jupyter-dinuanandcr.23cse/project/Quantum_Audio_Emotion/Quantum_audio/data/raw/RAVDESS/Actor_12/03-01-08-02-02-02-12.wav,03,01,08,surprised,02,02,02,12
/home/jupyter-dinuanandcr.23cse/project/Quantum_Audio_Emotion/Quantum_audio/data/raw/RAVDESS/Actor_13/03-01-01-01-01-01-13.wav,03,01,01,neutral,01,01,01,13
/home/jupyter-dinuanandcr.23cse/project/Quantum_Audio_Emotion/Quantum_audio/data/raw/RAVDESS/Actor_13/03-01-01-01-01-02-13.wav,03,01,01,neutral,01,01,02,13
/home/jupyter-dinuanandcr.23cse/project/Quantum_Audio_Emotion/Quantum_audio/data/raw/RAVDESS/Actor_13/03-01-01-01-02-01-13.wav,03,01,01,neutral,01,02,01,13
/home/jupyter-dinuanandcr.23cse/project/Quantum_Audio_Emotion/Quantum_audio/data/raw/RAVDESS/Actor_13/03-01-01-01-02-02-13.wav,03,01,01,neutral,01,02,02,13
/home/jupyter-dinuanandcr.23cse/project/Quantum_Audio_Emotion/Quantum_audio/data/raw/RAVDESS/Actor_13/03-01-02-01-01-01-13.wav,03,01,02,calm,01,01,01,13
/home/jupyter-dinuanandcr.23cse/project/Quantum_Audio_Emotion/Quantum_audio/data/raw/RAVDESS/Actor_13/03-01-02-01-01-02-13.wav,03,01,02,calm,01,01,02,13
/home/jupyter-dinuanandcr.23cse/project/Quantum_Audio_Emotion/Quantum_audio/data/raw/RAVDESS/Actor_13/03-01-02-01-02-01-13.wav,03,01,02,calm,01,02,01,13
/home/jupyter-dinuanandcr.23cse/project/Quantum_Audio_Emotion/Quantum_audio/data/raw/RAVDESS/Actor_13/03-01-02-01-02-02-13.wav,03,01,02,calm,01,02,02,13
/home/jupyter-dinuanandcr.23cse/project/Quantum_Audio_Emotion/Quantum_audio/data/raw/RAVDESS/Actor_13/03-01-02-02-01-01-13.wav,03,01,02,calm,02,01,01,13
/home/jupyter-dinuanandcr.23cse/project/Quantum_Audio_Emotion/Quantum_audio/data/raw/RAVDESS/Actor_13/03-01-02-02-01-02-13.wav,03,01,02,calm,02,01,02,13
/home/jupyter-dinuanandcr.23cse/project/Quantum_Audio_Emotion/Quantum_audio/data/raw/RAVDESS/Actor_13/03-01-02-02-02-01-13.wav,03,01,02,calm,02,02,01,13
/home/jupyter-dinuanandcr.23cse/project/Quantum_Audio_Emotion/Quantum_audio/data/raw/RAVDESS/Actor_13/03-01-02-02-02-02-13.wav,03,01,02,calm,02,02,02,13
/home/jupyter-dinuanandcr.23cse/project/Quantum_Audio_Emotion/Quantum_audio/data/raw/RAVDESS/Actor_13/03-01-03-01-01-01-13.wav,03,01,03,happy,01,01,01,13
/home/jupyter-dinuanandcr.23cse/project/Quantum_Audio_Emotion/Quantum_audio/data/raw/RAVDESS/Actor_13/03-01-03-01-01-02-13.wav,03,01,03,happy,01,01,02,13
/home/jupyter-dinuanandcr.23cse/project/Quantum_Audio_Emotion/Quantum_audio/data/raw/RAVDESS/Actor_13/03-01-03-01-02-01-13.wav,03,01,03,happy,01,02,01,13
/home/jupyter-dinuanandcr.23cse/project/Quantum_Audio_Emotion/Quantum_audio/data/raw/RAVDESS/Actor_13/03-01-03-01-02-02-13.wav,03,01,03,happy,01,02,02,13
/home/jupyter-dinuanandcr.23cse/project/Quantum_Audio_Emotion/Quantum_audio/data/raw/RAVDESS/Actor_13/03-01-03-02-01-01-13.wav,03,01,03,happy,02,01,01,13
/home/jupyter-dinuanandcr.23cse/project/Quantum_Audio_Emotion/Quantum_audio/data/raw/RAVDESS/Actor_13/03-01-03-02-01-02-13.wav,03,01,03,happy,02,01,02,13
/home/jupyter-dinuanandcr.23cse/project/Quantum_Audio_Emotion/Quantum_audio/data/raw/RAVDESS/Actor_13/03-01-03-02-02-01-13.wav,03,01,03,happy,02,02,01,13
/home/jupyter-dinuanandcr.23cse/project/Quantum_Audio_Emotion/Quantum_audio/data/raw/RAVDESS/Actor_13/03-01-03-02-02-02-13.wav,03,01,03,happy,02,02,02,13
/home/jupyter-dinuanandcr.23cse/project/Quantum_Audio_Emotion/Quantum_audio/data/raw/RAVDESS/Actor_13/03-01-04-01-01-01-13.wav,03,01,04,sad,01,01,01,13
/home/jupyter-dinuanandcr.23cse/project/Quantum_Audio_Emotion/Quantum_audio/data/raw/RAVDESS/Actor_13/03-01-04-01-01-02-13.wav,03,01,04,sad,01,01,02,13
/home/jupyter-dinuanandcr.23cse/project/Quantum_Audio_Emotion/Quantum_audio/data/raw/RAVDESS/Actor_13/03-01-04-01-02-01-13.wav,03,01,04,sad,01,02,01,13
/home/jupyter-dinuanandcr.23cse/project/Quantum_Audio_Emotion/Quantum_audio/data/raw/RAVDESS/Actor_13/03-01-04-01-02-02-13.wav,03,01,04,sad,01,02,02,13
/home/jupyter-dinuanandcr.23cse/project/Quantum_Audio_Emotion/Quantum_audio/data/raw/RAVDESS/Actor_13/03-01-04-02-01-01-13.wav,03,01,04,sad,02,01,01,13
/home/jupyter-dinuanandcr.23cse/project/Quantum_Audio_Emotion/Quantum_audio/data/raw/RAVDESS/Actor_13/03-01-04-02-01-02-13.wav,03,01,04,sad,02,01,02,13
/home/jupyter-dinuanandcr.23cse/project/Quantum_Audio_Emotion/Quantum_audio/data/raw/RAVDESS/Actor_13/03-01-04-02-02-01-13.wav,03,01,04,sad,02,02,01,13
/home/jupyter-dinuanandcr.23cse/project/Quantum_Audio_Emotion/Quantum_audio/data/raw/RAVDESS/Actor_13/03-01-04-02-02-02-13.wav,03,01,04,sad,02,02,02,13
/home/jupyter-dinuanandcr.23cse/project/Quantum_Audio_Emotion/Quantum_audio/data/raw/RAVDESS/Actor_13/03-01-05-01-01-01-13.wav,03,01,05,angry,01,01,01,13
/home/jupyter-dinuanandcr.23cse/project/Quantum_Audio_Emotion/Quantum_audio/data/raw/RAVDESS/Actor_13/03-01-05-01-01-02-13.wav,03,01,05,angry,01,01,02,13
/home/jupyter-dinuanandcr.23cse/project/Quantum_Audio_Emotion/Quantum_audio/data/raw/RAVDESS/Actor_13/03-01-05-01-02-01-13.wav,03,01,05,angry,01,02,01,13
/home/jupyter-dinuanandcr.23cse/project/Quantum_Audio_Emotion/Quantum_audio/data/raw/RAVDESS/Actor_13/03-01-05-01-02-02-13.wav,03,01,05,angry,01,02,02,13
/home/jupyter-dinuanandcr.23cse/project/Quantum_Audio_Emotion/Quantum_audio/data/raw/RAVDESS/Actor_13/03-01-05-02-01-01-13.wav,03,01,05,angry,02,01,01,13
/home/jupyter-dinuanandcr.23cse/project/Quantum_Audio_Emotion/Quantum_audio/data/raw/RAVDESS/Actor_13/03-01-05-02-01-02-13.wav,03,01,05,angry,02,01,02,13
/home/jupyter-dinuanandcr.23cse/project/Quantum_Audio_Emotion/Quantum_audio/data/raw/RAVDESS/Actor_13/03-01-05-02-02-01-13.wav,03,01,05,angry,02,02,01,13
/home/jupyter-dinuanandcr.23cse/project/Quantum_Audio_Emotion/Quantum_audio/data/raw/RAVDESS/Actor_13/03-01-05-02-02-02-13.wav,03,01,05,angry,02,02,02,13
/home/jupyter-dinuanandcr.23cse/project/Quantum_Audio_Emotion/Quantum_audio/data/raw/RAVDESS/Actor_13/03-01-06-01-01-01-13.wav,03,01,06,fearful,01,01,01,13
/home/jupyter-dinuanandcr.23cse/project/Quantum_Audio_Emotion/Quantum_audio/data/raw/RAVDESS/Actor_13/03-01-06-01-01-02-13.wav,03,01,06,fearful,01,01,02,13
/home/jupyter-dinuanandcr.23cse/project/Quantum_Audio_Emotion/Quantum_audio/data/raw/RAVDESS/Actor_13/03-01-06-01-02-01-13.wav,03,01,06,fearful,01,02,01,13
/home/jupyter-dinuanandcr.23cse/project/Quantum_Audio_Emotion/Quantum_audio/data/raw/RAVDESS/Actor_13/03-01-06-01-02-02-13.wav,03,01,06,fearful,01,02,02,13
/home/jupyter-dinuanandcr.23cse/project/Quantum_Audio_Emotion/Quantum_audio/data/raw/RAVDESS/Actor_13/03-01-06-02-01-01-13.wav,03,01,06,fearful,02,01,01,13
/home/jupyter-dinuanandcr.23cse/project/Quantum_Audio_Emotion/Quantum_audio/data/raw/RAVDESS/Actor_13/03-01-06-02-01-02-13.wav,03,01,06,fearful,02,01,02,13
/home/jupyter-dinuanandcr.23cse/project/Quantum_Audio_Emotion/Quantum_audio/data/raw/RAVDESS/Actor_13/03-01-06-02-02-01-13.wav,03,01,06,fearful,02,02,01,13
/home/jupyter-dinuanandcr.23cse/project/Quantum_Audio_Emotion/Quantum_audio/data/raw/RAVDESS/Actor_13/03-01-06-02-02-02-13.wav,03,01,06,fearful,02,02,02,13
/home/jupyter-dinuanandcr.23cse/project/Quantum_Audio_Emotion/Quantum_audio/data/raw/RAVDESS/Actor_13/03-01-07-01-01-01-13.wav,03,01,07,disgust,01,01,01,13
/home/jupyter-dinuanandcr.23cse/project/Quantum_Audio_Emotion/Quantum_audio/data/raw/RAVDESS/Actor_13/03-01-07-01-01-02-13.wav,03,01,07,disgust,01,01,02,13
/home/jupyter-dinuanandcr.23cse/project/Quantum_Audio_Emotion/Quantum_audio/data/raw/RAVDESS/Actor_13/03-01-07-01-02-01-13.wav,03,01,07,disgust,01,02,01,13
/home/jupyter-dinuanandcr.23cse/project/Quantum_Audio_Emotion/Quantum_audio/data/raw/RAVDESS/Actor_13/03-01-07-01-02-02-13.wav,03,01,07,disgust,01,02,02,13
/home/jupyter-dinuanandcr.23cse/project/Quantum_Audio_Emotion/Quantum_audio/data/raw/RAVDESS/Actor_13/03-01-07-02-01-01-13.wav,03,01,07,disgust,02,01,01,13
/home/jupyter-dinuanandcr.23cse/project/Quantum_Audio_Emotion/Quantum_audio/data/raw/RAVDESS/Actor_13/03-01-07-02-01-02-13.wav,03,01,07,disgust,02,01,02,13
/home/jupyter-dinuanandcr.23cse/project/Quantum_Audio_Emotion/Quantum_audio/data/raw/RAVDESS/Actor_13/03-01-07-02-02-01-13.wav,03,01,07,disgust,02,02,01,13
/home/jupyter-dinuanandcr.23cse/project/Quantum_Audio_Emotion/Quantum_audio/data/raw/RAVDESS/Actor_13/03-01-07-02-02-02-13.wav,03,01,07,disgust,02,02,02,13
/home/jupyter-dinuanandcr.23cse/project/Quantum_Audio_Emotion/Quantum_audio/data/raw/RAVDESS/Actor_13/03-01-08-01-01-01-13.wav,03,01,08,surprised,01,01,01,13
/home/jupyter-dinuanandcr.23cse/project/Quantum_Audio_Emotion/Quantum_audio/data/raw/RAVDESS/Actor_13/03-01-08-01-01-02-13.wav,03,01,08,surprised,01,01,02,13
/home/jupyter-dinuanandcr.23cse/project/Quantum_Audio_Emotion/Quantum_audio/data/raw/RAVDESS/Actor_13/03-01-08-01-02-01-13.wav,03,01,08,surprised,01,02,01,13
/home/jupyter-dinuanandcr.23cse/project/Quantum_Audio_Emotion/Quantum_audio/data/raw/RAVDESS/Actor_13/03-01-08-01-02-02-13.wav,03,01,08,surprised,01,02,02,13
/home/jupyter-dinuanandcr.23cse/project/Quantum_Audio_Emotion/Quantum_audio/data/raw/RAVDESS/Actor_13/03-01-08-02-01-01-13.wav,03,01,08,surprised,02,01,01,13
/home/jupyter-dinuanandcr.23cse/project/Quantum_Audio_Emotion/Quantum_audio/data/raw/RAVDESS/Actor_13/03-01-08-02-01-02-13.wav,03,01,08,surprised,02,01,02,13
/home/jupyter-dinuanandcr.23cse/project/Quantum_Audio_Emotion/Quantum_audio/data/raw/RAVDESS/Actor_13/03-01-08-02-02-01-13.wav,03,01,08,surprised,02,02,01,13
/home/jupyter-dinuanandcr.23cse/project/Quantum_Audio_Emotion/Quantum_audio/data/raw/RAVDESS/Actor_13/03-01-08-02-02-02-13.wav,03,01,08,surprised,02,02,02,13
/home/jupyter-dinuanandcr.23cse/project/Quantum_Audio_Emotion/Quantum_audio/data/raw/RAVDESS/Actor_14/03-01-01-01-01-01-14.wav,03,01,01,neutral,01,01,01,14
/home/jupyter-dinuanandcr.23cse/project/Quantum_Audio_Emotion/Quantum_audio/data/raw/RAVDESS/Actor_14/03-01-01-01-01-02-14.wav,03,01,01,neutral,01,01,02,14
/home/jupyter-dinuanandcr.23cse/project/Quantum_Audio_Emotion/Quantum_audio/data/raw/RAVDESS/Actor_14/03-01-01-01-02-01-14.wav,03,01,01,neutral,01,02,01,14
/home/jupyter-dinuanandcr.23cse/project/Quantum_Audio_Emotion/Quantum_audio/data/raw/RAVDESS/Actor_14/03-01-01-01-02-02-14.wav,03,01,01,neutral,01,02,02,14
/home/jupyter-dinuanandcr.23cse/project/Quantum_Audio_Emotion/Quantum_audio/data/raw/RAVDESS/Actor_14/03-01-02-01-01-01-14.wav,03,01,02,calm,01,01,01,14
/home/jupyter-dinuanandcr.23cse/project/Quantum_Audio_Emotion/Quantum_audio/data/raw/RAVDESS/Actor_14/03-01-02-01-01-02-14.wav,03,01,02,calm,01,01,02,14
/home/jupyter-dinuanandcr.23cse/project/Quantum_Audio_Emotion/Quantum_audio/data/raw/RAVDESS/Actor_14/03-01-02-01-02-01-14.wav,03,01,02,calm,01,02,01,14
/home/jupyter-dinuanandcr.23cse/project/Quantum_Audio_Emotion/Quantum_audio/data/raw/RAVDESS/Actor_14/03-01-02-01-02-02-14.wav,03,01,02,calm,01,02,02,14
/home/jupyter-dinuanandcr.23cse/project/Quantum_Audio_Emotion/Quantum_audio/data/raw/RAVDESS/Actor_14/03-01-02-02-01-01-14.wav,03,01,02,calm,02,01,01,14
/home/jupyter-dinuanandcr.23cse/project/Quantum_Audio_Emotion/Quantum_audio/data/raw/RAVDESS/Actor_14/03-01-02-02-01-02-14.wav,03,01,02,calm,02,01,02,14
/home/jupyter-dinuanandcr.23cse/project/Quantum_Audio_Emotion/Quantum_audio/data/raw/RAVDESS/Actor_14/03-01-02-02-02-01-14.wav,03,01,02,calm,02,02,01,14
/home/jupyter-dinuanandcr.23cse/project/Quantum_Audio_Emotion/Quantum_audio/data/raw/RAVDESS/Actor_14/03-01-02-02-02-02-14.wav,03,01,02,calm,02,02,02,14
/home/jupyter-dinuanandcr.23cse/project/Quantum_Audio_Emotion/Quantum_audio/data/raw/RAVDESS/Actor_14/03-01-03-01-01-01-14.wav,03,01,03,happy,01,01,01,14
/home/jupyter-dinuanandcr.23cse/project/Quantum_Audio_Emotion/Quantum_audio/data/raw/RAVDESS/Actor_14/03-01-03-01-01-02-14.wav,03,01,03,happy,01,01,02,14
/home/jupyter-dinuanandcr.23cse/project/Quantum_Audio_Emotion/Quantum_audio/data/raw/RAVDESS/Actor_14/03-01-03-01-02-01-14.wav,03,01,03,happy,01,02,01,14
/home/jupyter-dinuanandcr.23cse/project/Quantum_Audio_Emotion/Quantum_audio/data/raw/RAVDESS/Actor_14/03-01-03-01-02-02-14.wav,03,01,03,happy,01,02,02,14
/home/jupyter-dinuanandcr.23cse/project/Quantum_Audio_Emotion/Quantum_audio/data/raw/RAVDESS/Actor_14/03-01-03-02-01-01-14.wav,03,01,03,happy,02,01,01,14
/home/jupyter-dinuanandcr.23cse/project/Quantum_Audio_Emotion/Quantum_audio/data/raw/RAVDESS/Actor_14/03-01-03-02-01-02-14.wav,03,01,03,happy,02,01,02,14
/home/jupyter-dinuanandcr.23cse/project/Quantum_Audio_Emotion/Quantum_audio/data/raw/RAVDESS/Actor_14/03-01-03-02-02-01-14.wav,03,01,03,happy,02,02,01,14
/home/jupyter-dinuanandcr.23cse/project/Quantum_Audio_Emotion/Quantum_audio/data/raw/RAVDESS/Actor_14/03-01-03-02-02-02-14.wav,03,01,03,happy,02,02,02,14
/home/jupyter-dinuanandcr.23cse/project/Quantum_Audio_Emotion/Quantum_audio/data/raw/RAVDESS/Actor_14/03-01-04-01-01-01-14.wav,03,01,04,sad,01,01,01,14
/home/jupyter-dinuanandcr.23cse/project/Quantum_Audio_Emotion/Quantum_audio/data/raw/RAVDESS/Actor_14/03-01-04-01-01-02-14.wav,03,01,04,sad,01,01,02,14
/home/jupyter-dinuanandcr.23cse/project/Quantum_Audio_Emotion/Quantum_audio/data/raw/RAVDESS/Actor_14/03-01-04-01-02-01-14.wav,03,01,04,sad,01,02,01,14
/home/jupyter-dinuanandcr.23cse/project/Quantum_Audio_Emotion/Quantum_audio/data/raw/RAVDESS/Actor_14/03-01-04-01-02-02-14.wav,03,01,04,sad,01,02,02,14
/home/jupyter-dinuanandcr.23cse/project/Quantum_Audio_Emotion/Quantum_audio/data/raw/RAVDESS/Actor_14/03-01-04-02-01-01-14.wav,03,01,04,sad,02,01,01,14
/home/jupyter-dinuanandcr.23cse/project/Quantum_Audio_Emotion/Quantum_audio/data/raw/RAVDESS/Actor_14/03-01-04-02-01-02-14.wav,03,01,04,sad,02,01,02,14
/home/jupyter-dinuanandcr.23cse/project/Quantum_Audio_Emotion/Quantum_audio/data/raw/RAVDESS/Actor_14/03-01-04-02-02-01-14.wav,03,01,04,sad,02,02,01,14
/home/jupyter-dinuanandcr.23cse/project/Quantum_Audio_Emotion/Quantum_audio/data/raw/RAVDESS/Actor_14/03-01-04-02-02-02-14.wav,03,01,04,sad,02,02,02,14
/home/jupyter-dinuanandcr.23cse/project/Quantum_Audio_Emotion/Quantum_audio/data/raw/RAVDESS/Actor_14/03-01-05-01-01-01-14.wav,03,01,05,angry,01,01,01,14
/home/jupyter-dinuanandcr.23cse/project/Quantum_Audio_Emotion/Quantum_audio/data/raw/RAVDESS/Actor_14/03-01-05-01-01-02-14.wav,03,01,05,angry,01,01,02,14
/home/jupyter-dinuanandcr.23cse/project/Quantum_Audio_Emotion/Quantum_audio/data/raw/RAVDESS/Actor_14/03-01-05-01-02-01-14.wav,03,01,05,angry,01,02,01,14
/home/jupyter-dinuanandcr.23cse/project/Quantum_Audio_Emotion/Quantum_audio/data/raw/RAVDESS/Actor_14/03-01-05-01-02-02-14.wav,03,01,05,angry,01,02,02,14
/home/jupyter-dinuanandcr.23cse/project/Quantum_Audio_Emotion/Quantum_audio/data/raw/RAVDESS/Actor_14/03-01-05-02-01-01-14.wav,03,01,05,angry,02,01,01,14
/home/jupyter-dinuanandcr.23cse/project/Quantum_Audio_Emotion/Quantum_audio/data/raw/RAVDESS/Actor_14/03-01-05-02-01-02-14.wav,03,01,05,angry,02,01,02,14
/home/jupyter-dinuanandcr.23cse/project/Quantum_Audio_Emotion/Quantum_audio/data/raw/RAVDESS/Actor_14/03-01-05-02-02-01-14.wav,03,01,05,angry,02,02,01,14
/home/jupyter-dinuanandcr.23cse/project/Quantum_Audio_Emotion/Quantum_audio/data/raw/RAVDESS/Actor_14/03-01-05-02-02-02-14.wav,03,01,05,angry,02,02,02,14
/home/jupyter-dinuanandcr.23cse/project/Quantum_Audio_Emotion/Quantum_audio/data/raw/RAVDESS/Actor_14/03-01-06-01-01-01-14.wav,03,01,06,fearful,01,01,01,14
/home/jupyter-dinuanandcr.23cse/project/Quantum_Audio_Emotion/Quantum_audio/data/raw/RAVDESS/Actor_14/03-01-06-01-01-02-14.wav,03,01,06,fearful,01,01,02,14
/home/jupyter-dinuanandcr.23cse/project/Quantum_Audio_Emotion/Quantum_audio/data/raw/RAVDESS/Actor_14/03-01-06-01-02-01-14.wav,03,01,06,fearful,01,02,01,14
/home/jupyter-dinuanandcr.23cse/project/Quantum_Audio_Emotion/Quantum_audio/data/raw/RAVDESS/Actor_14/03-01-06-01-02-02-14.wav,03,01,06,fearful,01,02,02,14
/home/jupyter-dinuanandcr.23cse/project/Quantum_Audio_Emotion/Quantum_audio/data/raw/RAVDESS/Actor_14/03-01-06-02-01-01-14.wav,03,01,06,fearful,02,01,01,14
/home/jupyter-dinuanandcr.23cse/project/Quantum_Audio_Emotion/Quantum_audio/data/raw/RAVDESS/Actor_14/03-01-06-02-01-02-14.wav,03,01,06,fearful,02,01,02,14
/home/jupyter-dinuanandcr.23cse/project/Quantum_Audio_Emotion/Quantum_audio/data/raw/RAVDESS/Actor_14/03-01-06-02-02-01-14.wav,03,01,06,fearful,02,02,01,14
/home/jupyter-dinuanandcr.23cse/project/Quantum_Audio_Emotion/Quantum_audio/data/raw/RAVDESS/Actor_14/03-01-06-02-02-02-14.wav,03,01,06,fearful,02,02,02,14
/home/jupyter-dinuanandcr.23cse/project/Quantum_Audio_Emotion/Quantum_audio/data/raw/RAVDESS/Actor_14/03-01-07-01-01-01-14.wav,03,01,07,disgust,01,01,01,14
/home/jupyter-dinuanandcr.23cse/project/Quantum_Audio_Emotion/Quantum_audio/data/raw/RAVDESS/Actor_14/03-01-07-01-01-02-14.wav,03,01,07,disgust,01,01,02,14
/home/jupyter-dinuanandcr.23cse/project/Quantum_Audio_Emotion/Quantum_audio/data/raw/RAVDESS/Actor_14/03-01-07-01-02-01-14.wav,03,01,07,disgust,01,02,01,14
/home/jupyter-dinuanandcr.23cse/project/Quantum_Audio_Emotion/Quantum_audio/data/raw/RAVDESS/Actor_14/03-01-07-01-02-02-14.wav,03,01,07,disgust,01,02,02,14
/home/jupyter-dinuanandcr.23cse/project/Quantum_Audio_Emotion/Quantum_audio/data/raw/RAVDESS/Actor_14/03-01-07-02-01-01-14.wav,03,01,07,disgust,02,01,01,14
/home/jupyter-dinuanandcr.23cse/project/Quantum_Audio_Emotion/Quantum_audio/data/raw/RAVDESS/Actor_14/03-01-07-02-01-02-14.wav,03,01,07,disgust,02,01,02,14
/home/jupyter-dinuanandcr.23cse/project/Quantum_Audio_Emotion/Quantum_audio/data/raw/RAVDESS/Actor_14/03-01-07-02-02-01-14.wav,03,01,07,disgust,02,02,01,14
/home/jupyter-dinuanandcr.23cse/project/Quantum_Audio_Emotion/Quantum_audio/data/raw/RAVDESS/Actor_14/03-01-07-02-02-02-14.wav,03,01,07,disgust,02,02,02,14
/home/jupyter-dinuanandcr.23cse/project/Quantum_Audio_Emotion/Quantum_audio/data/raw/RAVDESS/Actor_14/03-01-08-01-01-01-14.wav,03,01,08,surprised,01,01,01,14
/home/jupyter-dinuanandcr.23cse/project/Quantum_Audio_Emotion/Quantum_audio/data/raw/RAVDESS/Actor_14/03-01-08-01-01-02-14.wav,03,01,08,surprised,01,01,02,14
/home/jupyter-dinuanandcr.23cse/project/Quantum_Audio_Emotion/Quantum_audio/data/raw/RAVDESS/Actor_14/03-01-08-01-02-01-14.wav,03,01,08,surprised,01,02,01,14
/home/jupyter-dinuanandcr.23cse/project/Quantum_Audio_Emotion/Quantum_audio/data/raw/RAVDESS/Actor_14/03-01-08-01-02-02-14.wav,03,01,08,surprised,01,02,02,14
/home/jupyter-dinuanandcr.23cse/project/Quantum_Audio_Emotion/Quantum_audio/data/raw/RAVDESS/Actor_14/03-01-08-02-01-01-14.wav,03,01,08,surprised,02,01,01,14
/home/jupyter-dinuanandcr.23cse/project/Quantum_Audio_Emotion/Quantum_audio/data/raw/RAVDESS/Actor_14/03-01-08-02-01-02-14.wav,03,01,08,surprised,02,01,02,14
/home/jupyter-dinuanandcr.23cse/project/Quantum_Audio_Emotion/Quantum_audio/data/raw/RAVDESS/Actor_14/03-01-08-02-02-01-14.wav,03,01,08,surprised,02,02,01,14
/home/jupyter-dinuanandcr.23cse/project/Quantum_Audio_Emotion/Quantum_audio/data/raw/RAVDESS/Actor_14/03-01-08-02-02-02-14.wav,03,01,08,surprised,02,02,02,14
/home/jupyter-dinuanandcr.23cse/project/Quantum_Audio_Emotion/Quantum_audio/data/raw/RAVDESS/Actor_15/03-01-01-01-01-01-15.wav,03,01,01,neutral,01,01,01,15
/home/jupyter-dinuanandcr.23cse/project/Quantum_Audio_Emotion/Quantum_audio/data/raw/RAVDESS/Actor_15/03-01-01-01-01-02-15.wav,03,01,01,neutral,01,01,02,15
/home/jupyter-dinuanandcr.23cse/project/Quantum_Audio_Emotion/Quantum_audio/data/raw/RAVDESS/Actor_15/03-01-01-01-02-01-15.wav,03,01,01,neutral,01,02,01,15
/home/jupyter-dinuanandcr.23cse/project/Quantum_Audio_Emotion/Quantum_audio/data/raw/RAVDESS/Actor_15/03-01-01-01-02-02-15.wav,03,01,01,neutral,01,02,02,15
/home/jupyter-dinuanandcr.23cse/project/Quantum_Audio_Emotion/Quantum_audio/data/raw/RAVDESS/Actor_15/03-01-02-01-01-01-15.wav,03,01,02,calm,01,01,01,15
/home/jupyter-dinuanandcr.23cse/project/Quantum_Audio_Emotion/Quantum_audio/data/raw/RAVDESS/Actor_15/03-01-02-01-01-02-15.wav,03,01,02,calm,01,01,02,15
/home/jupyter-dinuanandcr.23cse/project/Quantum_Audio_Emotion/Quantum_audio/data/raw/RAVDESS/Actor_15/03-01-02-01-02-01-15.wav,03,01,02,calm,01,02,01,15
/home/jupyter-dinuanandcr.23cse/project/Quantum_Audio_Emotion/Quantum_audio/data/raw/RAVDESS/Actor_15/03-01-02-01-02-02-15.wav,03,01,02,calm,01,02,02,15
/home/jupyter-dinuanandcr.23cse/project/Quantum_Audio_Emotion/Quantum_audio/data/raw/RAVDESS/Actor_15/03-01-02-02-01-01-15.wav,03,01,02,calm,02,01,01,15
/home/jupyter-dinuanandcr.23cse/project/Quantum_Audio_Emotion/Quantum_audio/data/raw/RAVDESS/Actor_15/03-01-02-02-01-02-15.wav,03,01,02,calm,02,01,02,15
/home/jupyter-dinuanandcr.23cse/project/Quantum_Audio_Emotion/Quantum_audio/data/raw/RAVDESS/Actor_15/03-01-02-02-02-01-15.wav,03,01,02,calm,02,02,01,15
/home/jupyter-dinuanandcr.23cse/project/Quantum_Audio_Emotion/Quantum_audio/data/raw/RAVDESS/Actor_15/03-01-02-02-02-02-15.wav,03,01,02,calm,02,02,02,15
/home/jupyter-dinuanandcr.23cse/project/Quantum_Audio_Emotion/Quantum_audio/data/raw/RAVDESS/Actor_15/03-01-03-01-01-01-15.wav,03,01,03,happy,01,01,01,15
/home/jupyter-dinuanandcr.23cse/project/Quantum_Audio_Emotion/Quantum_audio/data/raw/RAVDESS/Actor_15/03-01-03-01-01-02-15.wav,03,01,03,happy,01,01,02,15
/home/jupyter-dinuanandcr.23cse/project/Quantum_Audio_Emotion/Quantum_audio/data/raw/RAVDESS/Actor_15/03-01-03-01-02-01-15.wav,03,01,03,happy,01,02,01,15
/home/jupyter-dinuanandcr.23cse/project/Quantum_Audio_Emotion/Quantum_audio/data/raw/RAVDESS/Actor_15/03-01-03-01-02-02-15.wav,03,01,03,happy,01,02,02,15
/home/jupyter-dinuanandcr.23cse/project/Quantum_Audio_Emotion/Quantum_audio/data/raw/RAVDESS/Actor_15/03-01-03-02-01-01-15.wav,03,01,03,happy,02,01,01,15
/home/jupyter-dinuanandcr.23cse/project/Quantum_Audio_Emotion/Quantum_audio/data/raw/RAVDESS/Actor_15/03-01-03-02-01-02-15.wav,03,01,03,happy,02,01,02,15
/home/jupyter-dinuanandcr.23cse/project/Quantum_Audio_Emotion/Quantum_audio/data/raw/RAVDESS/Actor_15/03-01-03-02-02-01-15.wav,03,01,03,happy,02,02,01,15
/home/jupyter-dinuanandcr.23cse/project/Quantum_Audio_Emotion/Quantum_audio/data/raw/RAVDESS/Actor_15/03-01-03-02-02-02-15.wav,03,01,03,happy,02,02,02,15
/home/jupyter-dinuanandcr.23cse/project/Quantum_Audio_Emotion/Quantum_audio/data/raw/RAVDESS/Actor_15/03-01-04-01-01-01-15.wav,03,01,04,sad,01,01,01,15
/home/jupyter-dinuanandcr.23cse/project/Quantum_Audio_Emotion/Quantum_audio/data/raw/RAVDESS/Actor_15/03-01-04-01-01-02-15.wav,03,01,04,sad,01,01,02,15
/home/jupyter-dinuanandcr.23cse/project/Quantum_Audio_Emotion/Quantum_audio/data/raw/RAVDESS/Actor_15/03-01-04-01-02-01-15.wav,03,01,04,sad,01,02,01,15
/home/jupyter-dinuanandcr.23cse/project/Quantum_Audio_Emotion/Quantum_audio/data/raw/RAVDESS/Actor_15/03-01-04-01-02-02-15.wav,03,01,04,sad,01,02,02,15
/home/jupyter-dinuanandcr.23cse/project/Quantum_Audio_Emotion/Quantum_audio/data/raw/RAVDESS/Actor_15/03-01-04-02-01-01-15.wav,03,01,04,sad,02,01,01,15
/home/jupyter-dinuanandcr.23cse/project/Quantum_Audio_Emotion/Quantum_audio/data/raw/RAVDESS/Actor_15/03-01-04-02-01-02-15.wav,03,01,04,sad,02,01,02,15
/home/jupyter-dinuanandcr.23cse/project/Quantum_Audio_Emotion/Quantum_audio/data/raw/RAVDESS/Actor_15/03-01-04-02-02-01-15.wav,03,01,04,sad,02,02,01,15
/home/jupyter-dinuanandcr.23cse/project/Quantum_Audio_Emotion/Quantum_audio/data/raw/RAVDESS/Actor_15/03-01-04-02-02-02-15.wav,03,01,04,sad,02,02,02,15
/home/jupyter-dinuanandcr.23cse/project/Quantum_Audio_Emotion/Quantum_audio/data/raw/RAVDESS/Actor_15/03-01-05-01-01-01-15.wav,03,01,05,angry,01,01,01,15
/home/jupyter-dinuanandcr.23cse/project/Quantum_Audio_Emotion/Quantum_audio/data/raw/RAVDESS/Actor_15/03-01-05-01-01-02-15.wav,03,01,05,angry,01,01,02,15
/home/jupyter-dinuanandcr.23cse/project/Quantum_Audio_Emotion/Quantum_audio/data/raw/RAVDESS/Actor_15/03-01-05-01-02-01-15.wav,03,01,05,angry,01,02,01,15
/home/jupyter-dinuanandcr.23cse/project/Quantum_Audio_Emotion/Quantum_audio/data/raw/RAVDESS/Actor_15/03-01-05-01-02-02-15.wav,03,01,05,angry,01,02,02,15
/home/jupyter-dinuanandcr.23cse/project/Quantum_Audio_Emotion/Quantum_audio/data/raw/RAVDESS/Actor_15/03-01-05-02-01-01-15.wav,03,01,05,angry,02,01,01,15
/home/jupyter-dinuanandcr.23cse/project/Quantum_Audio_Emotion/Quantum_audio/data/raw/RAVDESS/Actor_15/03-01-05-02-01-02-15.wav,03,01,05,angry,02,01,02,15
/home/jupyter-dinuanandcr.23cse/project/Quantum_Audio_Emotion/Quantum_audio/data/raw/RAVDESS/Actor_15/03-01-05-02-02-01-15.wav,03,01,05,angry,02,02,01,15
/home/jupyter-dinuanandcr.23cse/project/Quantum_Audio_Emotion/Quantum_audio/data/raw/RAVDESS/Actor_15/03-01-05-02-02-02-15.wav,03,01,05,angry,02,02,02,15
/home/jupyter-dinuanandcr.23cse/project/Quantum_Audio_Emotion/Quantum_audio/data/raw/RAVDESS/Actor_15/03-01-06-01-01-01-15.wav,03,01,06,fearful,01,01,01,15
/home/jupyter-dinuanandcr.23cse/project/Quantum_Audio_Emotion/Quantum_audio/data/raw/RAVDESS/Actor_15/03-01-06-01-01-02-15.wav,03,01,06,fearful,01,01,02,15
/home/jupyter-dinuanandcr.23cse/project/Quantum_Audio_Emotion/Quantum_audio/data/raw/RAVDESS/Actor_15/03-01-06-01-02-01-15.wav,03,01,06,fearful,01,02,01,15
/home/jupyter-dinuanandcr.23cse/project/Quantum_Audio_Emotion/Quantum_audio/data/raw/RAVDESS/Actor_15/03-01-06-01-02-02-15.wav,03,01,06,fearful,01,02,02,15
/home/jupyter-dinuanandcr.23cse/project/Quantum_Audio_Emotion/Quantum_audio/data/raw/RAVDESS/Actor_15/03-01-06-02-01-01-15.wav,03,01,06,fearful,02,01,01,15
/home/jupyter-dinuanandcr.23cse/project/Quantum_Audio_Emotion/Quantum_audio/data/raw/RAVDESS/Actor_15/03-01-06-02-01-02-15.wav,03,01,06,fearful,02,01,02,15
/home/jupyter-dinuanandcr.23cse/project/Quantum_Audio_Emotion/Quantum_audio/data/raw/RAVDESS/Actor_15/03-01-06-02-02-01-15.wav,03,01,06,fearful,02,02,01,15
/home/jupyter-dinuanandcr.23cse/project/Quantum_Audio_Emotion/Quantum_audio/data/raw/RAVDESS/Actor_15/03-01-06-02-02-02-15.wav,03,01,06,fearful,02,02,02,15
/home/jupyter-dinuanandcr.23cse/project/Quantum_Audio_Emotion/Quantum_audio/data/raw/RAVDESS/Actor_15/03-01-07-01-01-01-15.wav,03,01,07,disgust,01,01,01,15
/home/jupyter-dinuanandcr.23cse/project/Quantum_Audio_Emotion/Quantum_audio/data/raw/RAVDESS/Actor_15/03-01-07-01-01-02-15.wav,03,01,07,disgust,01,01,02,15
/home/jupyter-dinuanandcr.23cse/project/Quantum_Audio_Emotion/Quantum_audio/data/raw/RAVDESS/Actor_15/03-01-07-01-02-01-15.wav,03,01,07,disgust,01,02,01,15
/home/jupyter-dinuanandcr.23cse/project/Quantum_Audio_Emotion/Quantum_audio/data/raw/RAVDESS/Actor_15/03-01-07-01-02-02-15.wav,03,01,07,disgust,01,02,02,15
/home/jupyter-dinuanandcr.23cse/project/Quantum_Audio_Emotion/Quantum_audio/data/raw/RAVDESS/Actor_15/03-01-07-02-01-01-15.wav,03,01,07,disgust,02,01,01,15
/home/jupyter-dinuanandcr.23cse/project/Quantum_Audio_Emotion/Quantum_audio/data/raw/RAVDESS/Actor_15/03-01-07-02-01-02-15.wav,03,01,07,disgust,02,01,02,15
/home/jupyter-dinuanandcr.23cse/project/Quantum_Audio_Emotion/Quantum_audio/data/raw/RAVDESS/Actor_15/03-01-07-02-02-01-15.wav,03,01,07,disgust,02,02,01,15
/home/jupyter-dinuanandcr.23cse/project/Quantum_Audio_Emotion/Quantum_audio/data/raw/RAVDESS/Actor_15/03-01-07-02-02-02-15.wav,03,01,07,disgust,02,02,02,15
/home/jupyter-dinuanandcr.23cse/project/Quantum_Audio_Emotion/Quantum_audio/data/raw/RAVDESS/Actor_15/03-01-08-01-01-01-15.wav,03,01,08,surprised,01,01,01,15
/home/jupyter-dinuanandcr.23cse/project/Quantum_Audio_Emotion/Quantum_audio/data/raw/RAVDESS/Actor_15/03-01-08-01-01-02-15.wav,03,01,08,surprised,01,01,02,15
/home/jupyter-dinuanandcr.23cse/project/Quantum_Audio_Emotion/Quantum_audio/data/raw/RAVDESS/Actor_15/03-01-08-01-02-01-15.wav,03,01,08,surprised,01,02,01,15
/home/jupyter-dinuanandcr.23cse/project/Quantum_Audio_Emotion/Quantum_audio/data/raw/RAVDESS/Actor_15/03-01-08-01-02-02-15.wav,03,01,08,surprised,01,02,02,15
/home/jupyter-dinuanandcr.23cse/project/Quantum_Audio_Emotion/Quantum_audio/data/raw/RAVDESS/Actor_15/03-01-08-02-01-01-15.wav,03,01,08,surprised,02,01,01,15
/home/jupyter-dinuanandcr.23cse/project/Quantum_Audio_Emotion/Quantum_audio/data/raw/RAVDESS/Actor_15/03-01-08-02-01-02-15.wav,03,01,08,surprised,02,01,02,15
/home/jupyter-dinuanandcr.23cse/project/Quantum_Audio_Emotion/Quantum_audio/data/raw/RAVDESS/Actor_15/03-01-08-02-02-01-15.wav,03,01,08,surprised,02,02,01,15
/home/jupyter-dinuanandcr.23cse/project/Quantum_Audio_Emotion/Quantum_audio/data/raw/RAVDESS/Actor_15/03-01-08-02-02-02-15.wav,03,01,08,surprised,02,02,02,15
/home/jupyter-dinuanandcr.23cse/project/Quantum_Audio_Emotion/Quantum_audio/data/raw/RAVDESS/Actor_16/03-01-01-01-01-01-16.wav,03,01,01,neutral,01,01,01,16
/home/jupyter-dinuanandcr.23cse/project/Quantum_Audio_Emotion/Quantum_audio/data/raw/RAVDESS/Actor_16/03-01-01-01-01-02-16.wav,03,01,01,neutral,01,01,02,16
/home/jupyter-dinuanandcr.23cse/project/Quantum_Audio_Emotion/Quantum_audio/data/raw/RAVDESS/Actor_16/03-01-01-01-02-01-16.wav,03,01,01,neutral,01,02,01,16
/home/jupyter-dinuanandcr.23cse/project/Quantum_Audio_Emotion/Quantum_audio/data/raw/RAVDESS/Actor_16/03-01-01-01-02-02-16.wav,03,01,01,neutral,01,02,02,16
/home/jupyter-dinuanandcr.23cse/project/Quantum_Audio_Emotion/Quantum_audio/data/raw/RAVDESS/Actor_16/03-01-02-01-01-01-16.wav,03,01,02,calm,01,01,01,16
/home/jupyter-dinuanandcr.23cse/project/Quantum_Audio_Emotion/Quantum_audio/data/raw/RAVDESS/Actor_16/03-01-02-01-01-02-16.wav,03,01,02,calm,01,01,02,16
/home/jupyter-dinuanandcr.23cse/project/Quantum_Audio_Emotion/Quantum_audio/data/raw/RAVDESS/Actor_16/03-01-02-01-02-01-16.wav,03,01,02,calm,01,02,01,16
/home/jupyter-dinuanandcr.23cse/project/Quantum_Audio_Emotion/Quantum_audio/data/raw/RAVDESS/Actor_16/03-01-02-01-02-02-16.wav,03,01,02,calm,01,02,02,16
/home/jupyter-dinuanandcr.23cse/project/Quantum_Audio_Emotion/Quantum_audio/data/raw/RAVDESS/Actor_16/03-01-02-02-01-01-16.wav,03,01,02,calm,02,01,01,16
/home/jupyter-dinuanandcr.23cse/project/Quantum_Audio_Emotion/Quantum_audio/data/raw/RAVDESS/Actor_16/03-01-02-02-01-02-16.wav,03,01,02,calm,02,01,02,16
/home/jupyter-dinuanandcr.23cse/project/Quantum_Audio_Emotion/Quantum_audio/data/raw/RAVDESS/Actor_16/03-01-02-02-02-01-16.wav,03,01,02,calm,02,02,01,16
/home/jupyter-dinuanandcr.23cse/project/Quantum_Audio_Emotion/Quantum_audio/data/raw/RAVDESS/Actor_16/03-01-02-02-02-02-16.wav,03,01,02,calm,02,02,02,16
/home/jupyter-dinuanandcr.23cse/project/Quantum_Audio_Emotion/Quantum_audio/data/raw/RAVDESS/Actor_16/03-01-03-01-01-01-16.wav,03,01,03,happy,01,01,01,16
/home/jupyter-dinuanandcr.23cse/project/Quantum_Audio_Emotion/Quantum_audio/data/raw/RAVDESS/Actor_16/03-01-03-01-01-02-16.wav,03,01,03,happy,01,01,02,16
/home/jupyter-dinuanandcr.23cse/project/Quantum_Audio_Emotion/Quantum_audio/data/raw/RAVDESS/Actor_16/03-01-03-01-02-01-16.wav,03,01,03,happy,01,02,01,16
/home/jupyter-dinuanandcr.23cse/project/Quantum_Audio_Emotion/Quantum_audio/data/raw/RAVDESS/Actor_16/03-01-03-01-02-02-16.wav,03,01,03,happy,01,02,02,16
/home/jupyter-dinuanandcr.23cse/project/Quantum_Audio_Emotion/Quantum_audio/data/raw/RAVDESS/Actor_16/03-01-03-02-01-01-16.wav,03,01,03,happy,02,01,01,16
/home/jupyter-dinuanandcr.23cse/project/Quantum_Audio_Emotion/Quantum_audio/data/raw/RAVDESS/Actor_16/03-01-03-02-01-02-16.wav,03,01,03,happy,02,01,02,16
/home/jupyter-dinuanandcr.23cse/project/Quantum_Audio_Emotion/Quantum_audio/data/raw/RAVDESS/Actor_16/03-01-03-02-02-01-16.wav,03,01,03,happy,02,02,01,16
/home/jupyter-dinuanandcr.23cse/project/Quantum_Audio_Emotion/Quantum_audio/data/raw/RAVDESS/Actor_16/03-01-03-02-02-02-16.wav,03,01,03,happy,02,02,02,16
/home/jupyter-dinuanandcr.23cse/project/Quantum_Audio_Emotion/Quantum_audio/data/raw/RAVDESS/Actor_16/03-01-04-01-01-01-16.wav,03,01,04,sad,01,01,01,16
/home/jupyter-dinuanandcr.23cse/project/Quantum_Audio_Emotion/Quantum_audio/data/raw/RAVDESS/Actor_16/03-01-04-01-01-02-16.wav,03,01,04,sad,01,01,02,16
/home/jupyter-dinuanandcr.23cse/project/Quantum_Audio_Emotion/Quantum_audio/data/raw/RAVDESS/Actor_16/03-01-04-01-02-01-16.wav,03,01,04,sad,01,02,01,16
/home/jupyter-dinuanandcr.23cse/project/Quantum_Audio_Emotion/Quantum_audio/data/raw/RAVDESS/Actor_16/03-01-04-01-02-02-16.wav,03,01,04,sad,01,02,02,16
/home/jupyter-dinuanandcr.23cse/project/Quantum_Audio_Emotion/Quantum_audio/data/raw/RAVDESS/Actor_16/03-01-04-02-01-01-16.wav,03,01,04,sad,02,01,01,16
/home/jupyter-dinuanandcr.23cse/project/Quantum_Audio_Emotion/Quantum_audio/data/raw/RAVDESS/Actor_16/03-01-04-02-01-02-16.wav,03,01,04,sad,02,01,02,16
/home/jupyter-dinuanandcr.23cse/project/Quantum_Audio_Emotion/Quantum_audio/data/raw/RAVDESS/Actor_16/03-01-04-02-02-01-16.wav,03,01,04,sad,02,02,01,16
/home/jupyter-dinuanandcr.23cse/project/Quantum_Audio_Emotion/Quantum_audio/data/raw/RAVDESS/Actor_16/03-01-04-02-02-02-16.wav,03,01,04,sad,02,02,02,16
/home/jupyter-dinuanandcr.23cse/project/Quantum_Audio_Emotion/Quantum_audio/data/raw/RAVDESS/Actor_16/03-01-05-01-01-01-16.wav,03,01,05,angry,01,01,01,16
/home/jupyter-dinuanandcr.23cse/project/Quantum_Audio_Emotion/Quantum_audio/data/raw/RAVDESS/Actor_16/03-01-05-01-01-02-16.wav,03,01,05,angry,01,01,02,16
/home/jupyter-dinuanandcr.23cse/project/Quantum_Audio_Emotion/Quantum_audio/data/raw/RAVDESS/Actor_16/03-01-05-01-02-01-16.wav,03,01,05,angry,01,02,01,16
/home/jupyter-dinuanandcr.23cse/project/Quantum_Audio_Emotion/Quantum_audio/data/raw/RAVDESS/Actor_16/03-01-05-01-02-02-16.wav,03,01,05,angry,01,02,02,16
/home/jupyter-dinuanandcr.23cse/project/Quantum_Audio_Emotion/Quantum_audio/data/raw/RAVDESS/Actor_16/03-01-05-02-01-01-16.wav,03,01,05,angry,02,01,01,16
/home/jupyter-dinuanandcr.23cse/project/Quantum_Audio_Emotion/Quantum_audio/data/raw/RAVDESS/Actor_16/03-01-05-02-01-02-16.wav,03,01,05,angry,02,01,02,16
/home/jupyter-dinuanandcr.23cse/project/Quantum_Audio_Emotion/Quantum_audio/data/raw/RAVDESS/Actor_16/03-01-05-02-02-01-16.wav,03,01,05,angry,02,02,01,16
/home/jupyter-dinuanandcr.23cse/project/Quantum_Audio_Emotion/Quantum_audio/data/raw/RAVDESS/Actor_16/03-01-05-02-02-02-16.wav,03,01,05,angry,02,02,02,16
/home/jupyter-dinuanandcr.23cse/project/Quantum_Audio_Emotion/Quantum_audio/data/raw/RAVDESS/Actor_16/03-01-06-01-01-01-16.wav,03,01,06,fearful,01,01,01,16
/home/jupyter-dinuanandcr.23cse/project/Quantum_Audio_Emotion/Quantum_audio/data/raw/RAVDESS/Actor_16/03-01-06-01-01-02-16.wav,03,01,06,fearful,01,01,02,16
/home/jupyter-dinuanandcr.23cse/project/Quantum_Audio_Emotion/Quantum_audio/data/raw/RAVDESS/Actor_16/03-01-06-01-02-01-16.wav,03,01,06,fearful,01,02,01,16
/home/jupyter-dinuanandcr.23cse/project/Quantum_Audio_Emotion/Quantum_audio/data/raw/RAVDESS/Actor_16/03-01-06-01-02-02-16.wav,03,01,06,fearful,01,02,02,16
/home/jupyter-dinuanandcr.23cse/project/Quantum_Audio_Emotion/Quantum_audio/data/raw/RAVDESS/Actor_16/03-01-06-02-01-01-16.wav,03,01,06,fearful,02,01,01,16
/home/jupyter-dinuanandcr.23cse/project/Quantum_Audio_Emotion/Quantum_audio/data/raw/RAVDESS/Actor_16/03-01-06-02-01-02-16.wav,03,01,06,fearful,02,01,02,16
/home/jupyter-dinuanandcr.23cse/project/Quantum_Audio_Emotion/Quantum_audio/data/raw/RAVDESS/Actor_16/03-01-06-02-02-01-16.wav,03,01,06,fearful,02,02,01,16
/home/jupyter-dinuanandcr.23cse/project/Quantum_Audio_Emotion/Quantum_audio/data/raw/RAVDESS/Actor_16/03-01-06-02-02-02-16.wav,03,01,06,fearful,02,02,02,16
/home/jupyter-dinuanandcr.23cse/project/Quantum_Audio_Emotion/Quantum_audio/data/raw/RAVDESS/Actor_16/03-01-07-01-01-01-16.wav,03,01,07,disgust,01,01,01,16
/home/jupyter-dinuanandcr.23cse/project/Quantum_Audio_Emotion/Quantum_audio/data/raw/RAVDESS/Actor_16/03-01-07-01-01-02-16.wav,03,01,07,disgust,01,01,02,16
/home/jupyter-dinuanandcr.23cse/project/Quantum_Audio_Emotion/Quantum_audio/data/raw/RAVDESS/Actor_16/03-01-07-01-02-01-16.wav,03,01,07,disgust,01,02,01,16
/home/jupyter-dinuanandcr.23cse/project/Quantum_Audio_Emotion/Quantum_audio/data/raw/RAVDESS/Actor_16/03-01-07-01-02-02-16.wav,03,01,07,disgust,01,02,02,16
/home/jupyter-dinuanandcr.23cse/project/Quantum_Audio_Emotion/Quantum_audio/data/raw/RAVDESS/Actor_16/03-01-07-02-01-01-16.wav,03,01,07,disgust,02,01,01,16
/home/jupyter-dinuanandcr.23cse/project/Quantum_Audio_Emotion/Quantum_audio/data/raw/RAVDESS/Actor_16/03-01-07-02-01-02-16.wav,03,01,07,disgust,02,01,02,16
/home/jupyter-dinuanandcr.23cse/project/Quantum_Audio_Emotion/Quantum_audio/data/raw/RAVDESS/Actor_16/03-01-07-02-02-01-16.wav,03,01,07,disgust,02,02,01,16
/home/jupyter-dinuanandcr.23cse/project/Quantum_Audio_Emotion/Quantum_audio/data/raw/RAVDESS/Actor_16/03-01-07-02-02-02-16.wav,03,01,07,disgust,02,02,02,16
/home/jupyter-dinuanandcr.23cse/project/Quantum_Audio_Emotion/Quantum_audio/data/raw/RAVDESS/Actor_16/03-01-08-01-01-01-16.wav,03,01,08,surprised,01,01,01,16
/home/jupyter-dinuanandcr.23cse/project/Quantum_Audio_Emotion/Quantum_audio/data/raw/RAVDESS/Actor_16/03-01-08-01-01-02-16.wav,03,01,08,surprised,01,01,02,16
/home/jupyter-dinuanandcr.23cse/project/Quantum_Audio_Emotion/Quantum_audio/data/raw/RAVDESS/Actor_16/03-01-08-01-02-01-16.wav,03,01,08,surprised,01,02,01,16
/home/jupyter-dinuanandcr.23cse/project/Quantum_Audio_Emotion/Quantum_audio/data/raw/RAVDESS/Actor_16/03-01-08-01-02-02-16.wav,03,01,08,surprised,01,02,02,16
/home/jupyter-dinuanandcr.23cse/project/Quantum_Audio_Emotion/Quantum_audio/data/raw/RAVDESS/Actor_16/03-01-08-02-01-01-16.wav,03,01,08,surprised,02,01,01,16
/home/jupyter-dinuanandcr.23cse/project/Quantum_Audio_Emotion/Quantum_audio/data/raw/RAVDESS/Actor_16/03-01-08-02-01-02-16.wav,03,01,08,surprised,02,01,02,16
/home/jupyter-dinuanandcr.23cse/project/Quantum_Audio_Emotion/Quantum_audio/data/raw/RAVDESS/Actor_16/03-01-08-02-02-01-16.wav,03,01,08,surprised,02,02,01,16
/home/jupyter-dinuanandcr.23cse/project/Quantum_Audio_Emotion/Quantum_audio/data/raw/RAVDESS/Actor_16/03-01-08-02-02-02-16.wav,03,01,08,surprised,02,02,02,16
/home/jupyter-dinuanandcr.23cse/project/Quantum_Audio_Emotion/Quantum_audio/data/raw/RAVDESS/Actor_17/03-01-01-01-01-01-17.wav,03,01,01,neutral,01,01,01,17
/home/jupyter-dinuanandcr.23cse/project/Quantum_Audio_Emotion/Quantum_audio/data/raw/RAVDESS/Actor_17/03-01-01-01-01-02-17.wav,03,01,01,neutral,01,01,02,17
/home/jupyter-dinuanandcr.23cse/project/Quantum_Audio_Emotion/Quantum_audio/data/raw/RAVDESS/Actor_17/03-01-01-01-02-01-17.wav,03,01,01,neutral,01,02,01,17
/home/jupyter-dinuanandcr.23cse/project/Quantum_Audio_Emotion/Quantum_audio/data/raw/RAVDESS/Actor_17/03-01-01-01-02-02-17.wav,03,01,01,neutral,01,02,02,17
/home/jupyter-dinuanandcr.23cse/project/Quantum_Audio_Emotion/Quantum_audio/data/raw/RAVDESS/Actor_17/03-01-02-01-01-01-17.wav,03,01,02,calm,01,01,01,17
/home/jupyter-dinuanandcr.23cse/project/Quantum_Audio_Emotion/Quantum_audio/data/raw/RAVDESS/Actor_17/03-01-02-01-01-02-17.wav,03,01,02,calm,01,01,02,17
/home/jupyter-dinuanandcr.23cse/project/Quantum_Audio_Emotion/Quantum_audio/data/raw/RAVDESS/Actor_17/03-01-02-01-02-01-17.wav,03,01,02,calm,01,02,01,17
/home/jupyter-dinuanandcr.23cse/project/Quantum_Audio_Emotion/Quantum_audio/data/raw/RAVDESS/Actor_17/03-01-02-01-02-02-17.wav,03,01,02,calm,01,02,02,17
/home/jupyter-dinuanandcr.23cse/project/Quantum_Audio_Emotion/Quantum_audio/data/raw/RAVDESS/Actor_17/03-01-02-02-01-01-17.wav,03,01,02,calm,02,01,01,17
/home/jupyter-dinuanandcr.23cse/project/Quantum_Audio_Emotion/Quantum_audio/data/raw/RAVDESS/Actor_17/03-01-02-02-01-02-17.wav,03,01,02,calm,02,01,02,17
/home/jupyter-dinuanandcr.23cse/project/Quantum_Audio_Emotion/Quantum_audio/data/raw/RAVDESS/Actor_17/03-01-02-02-02-01-17.wav,03,01,02,calm,02,02,01,17
/home/jupyter-dinuanandcr.23cse/project/Quantum_Audio_Emotion/Quantum_audio/data/raw/RAVDESS/Actor_17/03-01-02-02-02-02-17.wav,03,01,02,calm,02,02,02,17
/home/jupyter-dinuanandcr.23cse/project/Quantum_Audio_Emotion/Quantum_audio/data/raw/RAVDESS/Actor_17/03-01-03-01-01-01-17.wav,03,01,03,happy,01,01,01,17
/home/jupyter-dinuanandcr.23cse/project/Quantum_Audio_Emotion/Quantum_audio/data/raw/RAVDESS/Actor_17/03-01-03-01-01-02-17.wav,03,01,03,happy,01,01,02,17
/home/jupyter-dinuanandcr.23cse/project/Quantum_Audio_Emotion/Quantum_audio/data/raw/RAVDESS/Actor_17/03-01-03-01-02-01-17.wav,03,01,03,happy,01,02,01,17
/home/jupyter-dinuanandcr.23cse/project/Quantum_Audio_Emotion/Quantum_audio/data/raw/RAVDESS/Actor_17/03-01-03-01-02-02-17.wav,03,01,03,happy,01,02,02,17
/home/jupyter-dinuanandcr.23cse/project/Quantum_Audio_Emotion/Quantum_audio/data/raw/RAVDESS/Actor_17/03-01-03-02-01-01-17.wav,03,01,03,happy,02,01,01,17
/home/jupyter-dinuanandcr.23cse/project/Quantum_Audio_Emotion/Quantum_audio/data/raw/RAVDESS/Actor_17/03-01-03-02-01-02-17.wav,03,01,03,happy,02,01,02,17
/home/jupyter-dinuanandcr.23cse/project/Quantum_Audio_Emotion/Quantum_audio/data/raw/RAVDESS/Actor_17/03-01-03-02-02-01-17.wav,03,01,03,happy,02,02,01,17
/home/jupyter-dinuanandcr.23cse/project/Quantum_Audio_Emotion/Quantum_audio/data/raw/RAVDESS/Actor_17/03-01-03-02-02-02-17.wav,03,01,03,happy,02,02,02,17
/home/jupyter-dinuanandcr.23cse/project/Quantum_Audio_Emotion/Quantum_audio/data/raw/RAVDESS/Actor_17/03-01-04-01-01-01-17.wav,03,01,04,sad,01,01,01,17
/home/jupyter-dinuanandcr.23cse/project/Quantum_Audio_Emotion/Quantum_audio/data/raw/RAVDESS/Actor_17/03-01-04-01-01-02-17.wav,03,01,04,sad,01,01,02,17
/home/jupyter-dinuanandcr.23cse/project/Quantum_Audio_Emotion/Quantum_audio/data/raw/RAVDESS/Actor_17/03-01-04-01-02-01-17.wav,03,01,04,sad,01,02,01,17
/home/jupyter-dinuanandcr.23cse/project/Quantum_Audio_Emotion/Quantum_audio/data/raw/RAVDESS/Actor_17/03-01-04-01-02-02-17.wav,03,01,04,sad,01,02,02,17
/home/jupyter-dinuanandcr.23cse/project/Quantum_Audio_Emotion/Quantum_audio/data/raw/RAVDESS/Actor_17/03-01-04-02-01-01-17.wav,03,01,04,sad,02,01,01,17
/home/jupyter-dinuanandcr.23cse/project/Quantum_Audio_Emotion/Quantum_audio/data/raw/RAVDESS/Actor_17/03-01-04-02-01-02-17.wav,03,01,04,sad,02,01,02,17
/home/jupyter-dinuanandcr.23cse/project/Quantum_Audio_Emotion/Quantum_audio/data/raw/RAVDESS/Actor_17/03-01-04-02-02-01-17.wav,03,01,04,sad,02,02,01,17
/home/jupyter-dinuanandcr.23cse/project/Quantum_Audio_Emotion/Quantum_audio/data/raw/RAVDESS/Actor_17/03-01-04-02-02-02-17.wav,03,01,04,sad,02,02,02,17
/home/jupyter-dinuanandcr.23cse/project/Quantum_Audio_Emotion/Quantum_audio/data/raw/RAVDESS/Actor_17/03-01-05-01-01-01-17.wav,03,01,05,angry,01,01,01,17
/home/jupyter-dinuanandcr.23cse/project/Quantum_Audio_Emotion/Quantum_audio/data/raw/RAVDESS/Actor_17/03-01-05-01-01-02-17.wav,03,01,05,angry,01,01,02,17
/home/jupyter-dinuanandcr.23cse/project/Quantum_Audio_Emotion/Quantum_audio/data/raw/RAVDESS/Actor_17/03-01-05-01-02-01-17.wav,03,01,05,angry,01,02,01,17
/home/jupyter-dinuanandcr.23cse/project/Quantum_Audio_Emotion/Quantum_audio/data/raw/RAVDESS/Actor_17/03-01-05-01-02-02-17.wav,03,01,05,angry,01,02,02,17
/home/jupyter-dinuanandcr.23cse/project/Quantum_Audio_Emotion/Quantum_audio/data/raw/RAVDESS/Actor_17/03-01-05-02-01-01-17.wav,03,01,05,angry,02,01,01,17
/home/jupyter-dinuanandcr.23cse/project/Quantum_Audio_Emotion/Quantum_audio/data/raw/RAVDESS/Actor_17/03-01-05-02-01-02-17.wav,03,01,05,angry,02,01,02,17
/home/jupyter-dinuanandcr.23cse/project/Quantum_Audio_Emotion/Quantum_audio/data/raw/RAVDESS/Actor_17/03-01-05-02-02-01-17.wav,03,01,05,angry,02,02,01,17
/home/jupyter-dinuanandcr.23cse/project/Quantum_Audio_Emotion/Quantum_audio/data/raw/RAVDESS/Actor_17/03-01-05-02-02-02-17.wav,03,01,05,angry,02,02,02,17
/home/jupyter-dinuanandcr.23cse/project/Quantum_Audio_Emotion/Quantum_audio/data/raw/RAVDESS/Actor_17/03-01-06-01-01-01-17.wav,03,01,06,fearful,01,01,01,17
/home/jupyter-dinuanandcr.23cse/project/Quantum_Audio_Emotion/Quantum_audio/data/raw/RAVDESS/Actor_17/03-01-06-01-01-02-17.wav,03,01,06,fearful,01,01,02,17
/home/jupyter-dinuanandcr.23cse/project/Quantum_Audio_Emotion/Quantum_audio/data/raw/RAVDESS/Actor_17/03-01-06-01-02-01-17.wav,03,01,06,fearful,01,02,01,17
/home/jupyter-dinuanandcr.23cse/project/Quantum_Audio_Emotion/Quantum_audio/data/raw/RAVDESS/Actor_17/03-01-06-01-02-02-17.wav,03,01,06,fearful,01,02,02,17
/home/jupyter-dinuanandcr.23cse/project/Quantum_Audio_Emotion/Quantum_audio/data/raw/RAVDESS/Actor_17/03-01-06-02-01-01-17.wav,03,01,06,fearful,02,01,01,17
/home/jupyter-dinuanandcr.23cse/project/Quantum_Audio_Emotion/Quantum_audio/data/raw/RAVDESS/Actor_17/03-01-06-02-01-02-17.wav,03,01,06,fearful,02,01,02,17
/home/jupyter-dinuanandcr.23cse/project/Quantum_Audio_Emotion/Quantum_audio/data/raw/RAVDESS/Actor_17/03-01-06-02-02-01-17.wav,03,01,06,fearful,02,02,01,17
/home/jupyter-dinuanandcr.23cse/project/Quantum_Audio_Emotion/Quantum_audio/data/raw/RAVDESS/Actor_17/03-01-06-02-02-02-17.wav,03,01,06,fearful,02,02,02,17
/home/jupyter-dinuanandcr.23cse/project/Quantum_Audio_Emotion/Quantum_audio/data/raw/RAVDESS/Actor_17/03-01-07-01-01-01-17.wav,03,01,07,disgust,01,01,01,17
/home/jupyter-dinuanandcr.23cse/project/Quantum_Audio_Emotion/Quantum_audio/data/raw/RAVDESS/Actor_17/03-01-07-01-01-02-17.wav,03,01,07,disgust,01,01,02,17
/home/jupyter-dinuanandcr.23cse/project/Quantum_Audio_Emotion/Quantum_audio/data/raw/RAVDESS/Actor_17/03-01-07-01-02-01-17.wav,03,01,07,disgust,01,02,01,17
/home/jupyter-dinuanandcr.23cse/project/Quantum_Audio_Emotion/Quantum_audio/data/raw/RAVDESS/Actor_17/03-01-07-01-02-02-17.wav,03,01,07,disgust,01,02,02,17
/home/jupyter-dinuanandcr.23cse/project/Quantum_Audio_Emotion/Quantum_audio/data/raw/RAVDESS/Actor_17/03-01-07-02-01-01-17.wav,03,01,07,disgust,02,01,01,17
/home/jupyter-dinuanandcr.23cse/project/Quantum_Audio_Emotion/Quantum_audio/data/raw/RAVDESS/Actor_17/03-01-07-02-01-02-17.wav,03,01,07,disgust,02,01,02,17
/home/jupyter-dinuanandcr.23cse/project/Quantum_Audio_Emotion/Quantum_audio/data/raw/RAVDESS/Actor_17/03-01-07-02-02-01-17.wav,03,01,07,disgust,02,02,01,17
/home/jupyter-dinuanandcr.23cse/project/Quantum_Audio_Emotion/Quantum_audio/data/raw/RAVDESS/Actor_17/03-01-07-02-02-02-17.wav,03,01,07,disgust,02,02,02,17
/home/jupyter-dinuanandcr.23cse/project/Quantum_Audio_Emotion/Quantum_audio/data/raw/RAVDESS/Actor_17/03-01-08-01-01-01-17.wav,03,01,08,surprised,01,01,01,17
/home/jupyter-dinuanandcr.23cse/project/Quantum_Audio_Emotion/Quantum_audio/data/raw/RAVDESS/Actor_17/03-01-08-01-01-02-17.wav,03,01,08,surprised,01,01,02,17
/home/jupyter-dinuanandcr.23cse/project/Quantum_Audio_Emotion/Quantum_audio/data/raw/RAVDESS/Actor_17/03-01-08-01-02-01-17.wav,03,01,08,surprised,01,02,01,17
/home/jupyter-dinuanandcr.23cse/project/Quantum_Audio_Emotion/Quantum_audio/data/raw/RAVDESS/Actor_17/03-01-08-01-02-02-17.wav,03,01,08,surprised,01,02,02,17
/home/jupyter-dinuanandcr.23cse/project/Quantum_Audio_Emotion/Quantum_audio/data/raw/RAVDESS/Actor_17/03-01-08-02-01-01-17.wav,03,01,08,surprised,02,01,01,17
/home/jupyter-dinuanandcr.23cse/project/Quantum_Audio_Emotion/Quantum_audio/data/raw/RAVDESS/Actor_17/03-01-08-02-01-02-17.wav,03,01,08,surprised,02,01,02,17
/home/jupyter-dinuanandcr.23cse/project/Quantum_Audio_Emotion/Quantum_audio/data/raw/RAVDESS/Actor_17/03-01-08-02-02-01-17.wav,03,01,08,surprised,02,02,01,17
/home/jupyter-dinuanandcr.23cse/project/Quantum_Audio_Emotion/Quantum_audio/data/raw/RAVDESS/Actor_17/03-01-08-02-02-02-17.wav,03,01,08,surprised,02,02,02,17
/home/jupyter-dinuanandcr.23cse/project/Quantum_Audio_Emotion/Quantum_audio/data/raw/RAVDESS/Actor_18/03-01-01-01-01-01-18.wav,03,01,01,neutral,01,01,01,18
/home/jupyter-dinuanandcr.23cse/project/Quantum_Audio_Emotion/Quantum_audio/data/raw/RAVDESS/Actor_18/03-01-01-01-01-02-18.wav,03,01,01,neutral,01,01,02,18
/home/jupyter-dinuanandcr.23cse/project/Quantum_Audio_Emotion/Quantum_audio/data/raw/RAVDESS/Actor_18/03-01-01-01-02-01-18.wav,03,01,01,neutral,01,02,01,18
/home/jupyter-dinuanandcr.23cse/project/Quantum_Audio_Emotion/Quantum_audio/data/raw/RAVDESS/Actor_18/03-01-01-01-02-02-18.wav,03,01,01,neutral,01,02,02,18
/home/jupyter-dinuanandcr.23cse/project/Quantum_Audio_Emotion/Quantum_audio/data/raw/RAVDESS/Actor_18/03-01-02-01-01-01-18.wav,03,01,02,calm,01,01,01,18
/home/jupyter-dinuanandcr.23cse/project/Quantum_Audio_Emotion/Quantum_audio/data/raw/RAVDESS/Actor_18/03-01-02-01-01-02-18.wav,03,01,02,calm,01,01,02,18
/home/jupyter-dinuanandcr.23cse/project/Quantum_Audio_Emotion/Quantum_audio/data/raw/RAVDESS/Actor_18/03-01-02-01-02-01-18.wav,03,01,02,calm,01,02,01,18
/home/jupyter-dinuanandcr.23cse/project/Quantum_Audio_Emotion/Quantum_audio/data/raw/RAVDESS/Actor_18/03-01-02-01-02-02-18.wav,03,01,02,calm,01,02,02,18
/home/jupyter-dinuanandcr.23cse/project/Quantum_Audio_Emotion/Quantum_audio/data/raw/RAVDESS/Actor_18/03-01-02-02-01-01-18.wav,03,01,02,calm,02,01,01,18
/home/jupyter-dinuanandcr.23cse/project/Quantum_Audio_Emotion/Quantum_audio/data/raw/RAVDESS/Actor_18/03-01-02-02-01-02-18.wav,03,01,02,calm,02,01,02,18
/home/jupyter-dinuanandcr.23cse/project/Quantum_Audio_Emotion/Quantum_audio/data/raw/RAVDESS/Actor_18/03-01-02-02-02-01-18.wav,03,01,02,calm,02,02,01,18
/home/jupyter-dinuanandcr.23cse/project/Quantum_Audio_Emotion/Quantum_audio/data/raw/RAVDESS/Actor_18/03-01-02-02-02-02-18.wav,03,01,02,calm,02,02,02,18
/home/jupyter-dinuanandcr.23cse/project/Quantum_Audio_Emotion/Quantum_audio/data/raw/RAVDESS/Actor_18/03-01-03-01-01-01-18.wav,03,01,03,happy,01,01,01,18
/home/jupyter-dinuanandcr.23cse/project/Quantum_Audio_Emotion/Quantum_audio/data/raw/RAVDESS/Actor_18/03-01-03-01-01-02-18.wav,03,01,03,happy,01,01,02,18
/home/jupyter-dinuanandcr.23cse/project/Quantum_Audio_Emotion/Quantum_audio/data/raw/RAVDESS/Actor_18/03-01-03-01-02-01-18.wav,03,01,03,happy,01,02,01,18
/home/jupyter-dinuanandcr.23cse/project/Quantum_Audio_Emotion/Quantum_audio/data/raw/RAVDESS/Actor_18/03-01-03-01-02-02-18.wav,03,01,03,happy,01,02,02,18
/home/jupyter-dinuanandcr.23cse/project/Quantum_Audio_Emotion/Quantum_audio/data/raw/RAVDESS/Actor_18/03-01-03-02-01-01-18.wav,03,01,03,happy,02,01,01,18
/home/jupyter-dinuanandcr.23cse/project/Quantum_Audio_Emotion/Quantum_audio/data/raw/RAVDESS/Actor_18/03-01-03-02-01-02-18.wav,03,01,03,happy,02,01,02,18
/home/jupyter-dinuanandcr.23cse/project/Quantum_Audio_Emotion/Quantum_audio/data/raw/RAVDESS/Actor_18/03-01-03-02-02-01-18.wav,03,01,03,happy,02,02,01,18
/home/jupyter-dinuanandcr.23cse/project/Quantum_Audio_Emotion/Quantum_audio/data/raw/RAVDESS/Actor_18/03-01-03-02-02-02-18.wav,03,01,03,happy,02,02,02,18
/home/jupyter-dinuanandcr.23cse/project/Quantum_Audio_Emotion/Quantum_audio/data/raw/RAVDESS/Actor_18/03-01-04-01-01-01-18.wav,03,01,04,sad,01,01,01,18
/home/jupyter-dinuanandcr.23cse/project/Quantum_Audio_Emotion/Quantum_audio/data/raw/RAVDESS/Actor_18/03-01-04-01-01-02-18.wav,03,01,04,sad,01,01,02,18
/home/jupyter-dinuanandcr.23cse/project/Quantum_Audio_Emotion/Quantum_audio/data/raw/RAVDESS/Actor_18/03-01-04-01-02-01-18.wav,03,01,04,sad,01,02,01,18
/home/jupyter-dinuanandcr.23cse/project/Quantum_Audio_Emotion/Quantum_audio/data/raw/RAVDESS/Actor_18/03-01-04-01-02-02-18.wav,03,01,04,sad,01,02,02,18
/home/jupyter-dinuanandcr.23cse/project/Quantum_Audio_Emotion/Quantum_audio/data/raw/RAVDESS/Actor_18/03-01-04-02-01-01-18.wav,03,01,04,sad,02,01,01,18
/home/jupyter-dinuanandcr.23cse/project/Quantum_Audio_Emotion/Quantum_audio/data/raw/RAVDESS/Actor_18/03-01-04-02-01-02-18.wav,03,01,04,sad,02,01,02,18
/home/jupyter-dinuanandcr.23cse/project/Quantum_Audio_Emotion/Quantum_audio/data/raw/RAVDESS/Actor_18/03-01-04-02-02-01-18.wav,03,01,04,sad,02,02,01,18
/home/jupyter-dinuanandcr.23cse/project/Quantum_Audio_Emotion/Quantum_audio/data/raw/RAVDESS/Actor_18/03-01-04-02-02-02-18.wav,03,01,04,sad,02,02,02,18
/home/jupyter-dinuanandcr.23cse/project/Quantum_Audio_Emotion/Quantum_audio/data/raw/RAVDESS/Actor_18/03-01-05-01-01-01-18.wav,03,01,05,angry,01,01,01,18
/home/jupyter-dinuanandcr.23cse/project/Quantum_Audio_Emotion/Quantum_audio/data/raw/RAVDESS/Actor_18/03-01-05-01-01-02-18.wav,03,01,05,angry,01,01,02,18
/home/jupyter-dinuanandcr.23cse/project/Quantum_Audio_Emotion/Quantum_audio/data/raw/RAVDESS/Actor_18/03-01-05-01-02-01-18.wav,03,01,05,angry,01,02,01,18
/home/jupyter-dinuanandcr.23cse/project/Quantum_Audio_Emotion/Quantum_audio/data/raw/RAVDESS/Actor_18/03-01-05-01-02-02-18.wav,03,01,05,angry,01,02,02,18
/home/jupyter-dinuanandcr.23cse/project/Quantum_Audio_Emotion/Quantum_audio/data/raw/RAVDESS/Actor_18/03-01-05-02-01-01-18.wav,03,01,05,angry,02,01,01,18
/home/jupyter-dinuanandcr.23cse/project/Quantum_Audio_Emotion/Quantum_audio/data/raw/RAVDESS/Actor_18/03-01-05-02-01-02-18.wav,03,01,05,angry,02,01,02,18
/home/jupyter-dinuanandcr.23cse/project/Quantum_Audio_Emotion/Quantum_audio/data/raw/RAVDESS/Actor_18/03-01-05-02-02-01-18.wav,03,01,05,angry,02,02,01,18
/home/jupyter-dinuanandcr.23cse/project/Quantum_Audio_Emotion/Quantum_audio/data/raw/RAVDESS/Actor_18/03-01-05-02-02-02-18.wav,03,01,05,angry,02,02,02,18
/home/jupyter-dinuanandcr.23cse/project/Quantum_Audio_Emotion/Quantum_audio/data/raw/RAVDESS/Actor_18/03-01-06-01-01-01-18.wav,03,01,06,fearful,01,01,01,18
/home/jupyter-dinuanandcr.23cse/project/Quantum_Audio_Emotion/Quantum_audio/data/raw/RAVDESS/Actor_18/03-01-06-01-01-02-18.wav,03,01,06,fearful,01,01,02,18
/home/jupyter-dinuanandcr.23cse/project/Quantum_Audio_Emotion/Quantum_audio/data/raw/RAVDESS/Actor_18/03-01-06-01-02-01-18.wav,03,01,06,fearful,01,02,01,18
/home/jupyter-dinuanandcr.23cse/project/Quantum_Audio_Emotion/Quantum_audio/data/raw/RAVDESS/Actor_18/03-01-06-01-02-02-18.wav,03,01,06,fearful,01,02,02,18
/home/jupyter-dinuanandcr.23cse/project/Quantum_Audio_Emotion/Quantum_audio/data/raw/RAVDESS/Actor_18/03-01-06-02-01-01-18.wav,03,01,06,fearful,02,01,01,18
/home/jupyter-dinuanandcr.23cse/project/Quantum_Audio_Emotion/Quantum_audio/data/raw/RAVDESS/Actor_18/03-01-06-02-01-02-18.wav,03,01,06,fearful,02,01,02,18
/home/jupyter-dinuanandcr.23cse/project/Quantum_Audio_Emotion/Quantum_audio/data/raw/RAVDESS/Actor_18/03-01-06-02-02-01-18.wav,03,01,06,fearful,02,02,01,18
/home/jupyter-dinuanandcr.23cse/project/Quantum_Audio_Emotion/Quantum_audio/data/raw/RAVDESS/Actor_18/03-01-06-02-02-02-18.wav,03,01,06,fearful,02,02,02,18
/home/jupyter-dinuanandcr.23cse/project/Quantum_Audio_Emotion/Quantum_audio/data/raw/RAVDESS/Actor_18/03-01-07-01-01-01-18.wav,03,01,07,disgust,01,01,01,18
/home/jupyter-dinuanandcr.23cse/project/Quantum_Audio_Emotion/Quantum_audio/data/raw/RAVDESS/Actor_18/03-01-07-01-01-02-18.wav,03,01,07,disgust,01,01,02,18
/home/jupyter-dinuanandcr.23cse/project/Quantum_Audio_Emotion/Quantum_audio/data/raw/RAVDESS/Actor_18/03-01-07-01-02-01-18.wav,03,01,07,disgust,01,02,01,18
/home/jupyter-dinuanandcr.23cse/project/Quantum_Audio_Emotion/Quantum_audio/data/raw/RAVDESS/Actor_18/03-01-07-01-02-02-18.wav,03,01,07,disgust,01,02,02,18
/home/jupyter-dinuanandcr.23cse/project/Quantum_Audio_Emotion/Quantum_audio/data/raw/RAVDESS/Actor_18/03-01-07-02-01-01-18.wav,03,01,07,disgust,02,01,01,18
/home/jupyter-dinuanandcr.23cse/project/Quantum_Audio_Emotion/Quantum_audio/data/raw/RAVDESS/Actor_18/03-01-07-02-01-02-18.wav,03,01,07,disgust,02,01,02,18
/home/jupyter-dinuanandcr.23cse/project/Quantum_Audio_Emotion/Quantum_audio/data/raw/RAVDESS/Actor_18/03-01-07-02-02-01-18.wav,03,01,07,disgust,02,02,01,18
/home/jupyter-dinuanandcr.23cse/project/Quantum_Audio_Emotion/Quantum_audio/data/raw/RAVDESS/Actor_18/03-01-07-02-02-02-18.wav,03,01,07,disgust,02,02,02,18
/home/jupyter-dinuanandcr.23cse/project/Quantum_Audio_Emotion/Quantum_audio/data/raw/RAVDESS/Actor_18/03-01-08-01-01-01-18.wav,03,01,08,surprised,01,01,01,18
/home/jupyter-dinuanandcr.23cse/project/Quantum_Audio_Emotion/Quantum_audio/data/raw/RAVDESS/Actor_18/03-01-08-01-01-02-18.wav,03,01,08,surprised,01,01,02,18
/home/jupyter-dinuanandcr.23cse/project/Quantum_Audio_Emotion/Quantum_audio/data/raw/RAVDESS/Actor_18/03-01-08-01-02-01-18.wav,03,01,08,surprised,01,02,01,18
/home/jupyter-dinuanandcr.23cse/project/Quantum_Audio_Emotion/Quantum_audio/data/raw/RAVDESS/Actor_18/03-01-08-01-02-02-18.wav,03,01,08,surprised,01,02,02,18
/home/jupyter-dinuanandcr.23cse/project/Quantum_Audio_Emotion/Quantum_audio/data/raw/RAVDESS/Actor_18/03-01-08-02-01-01-18.wav,03,01,08,surprised,02,01,01,18
/home/jupyter-dinuanandcr.23cse/project/Quantum_Audio_Emotion/Quantum_audio/data/raw/RAVDESS/Actor_18/03-01-08-02-01-02-18.wav,03,01,08,surprised,02,01,02,18
/home/jupyter-dinuanandcr.23cse/project/Quantum_Audio_Emotion/Quantum_audio/data/raw/RAVDESS/Actor_18/03-01-08-02-02-01-18.wav,03,01,08,surprised,02,02,01,18
/home/jupyter-dinuanandcr.23cse/project/Quantum_Audio_Emotion/Quantum_audio/data/raw/RAVDESS/Actor_18/03-01-08-02-02-02-18.wav,03,01,08,surprised,02,02,02,18
/home/jupyter-dinuanandcr.23cse/project/Quantum_Audio_Emotion/Quantum_audio/data/raw/RAVDESS/Actor_19/03-01-01-01-01-01-19.wav,03,01,01,neutral,01,01,01,19
/home/jupyter-dinuanandcr.23cse/project/Quantum_Audio_Emotion/Quantum_audio/data/raw/RAVDESS/Actor_19/03-01-01-01-01-02-19.wav,03,01,01,neutral,01,01,02,19
/home/jupyter-dinuanandcr.23cse/project/Quantum_Audio_Emotion/Quantum_audio/data/raw/RAVDESS/Actor_19/03-01-01-01-02-01-19.wav,03,01,01,neutral,01,02,01,19
/home/jupyter-dinuanandcr.23cse/project/Quantum_Audio_Emotion/Quantum_audio/data/raw/RAVDESS/Actor_19/03-01-01-01-02-02-19.wav,03,01,01,neutral,01,02,02,19
/home/jupyter-dinuanandcr.23cse/project/Quantum_Audio_Emotion/Quantum_audio/data/raw/RAVDESS/Actor_19/03-01-02-01-01-01-19.wav,03,01,02,calm,01,01,01,19
/home/jupyter-dinuanandcr.23cse/project/Quantum_Audio_Emotion/Quantum_audio/data/raw/RAVDESS/Actor_19/03-01-02-01-01-02-19.wav,03,01,02,calm,01,01,02,19
/home/jupyter-dinuanandcr.23cse/project/Quantum_Audio_Emotion/Quantum_audio/data/raw/RAVDESS/Actor_19/03-01-02-01-02-01-19.wav,03,01,02,calm,01,02,01,19
/home/jupyter-dinuanandcr.23cse/project/Quantum_Audio_Emotion/Quantum_audio/data/raw/RAVDESS/Actor_19/03-01-02-01-02-02-19.wav,03,01,02,calm,01,02,02,19
/home/jupyter-dinuanandcr.23cse/project/Quantum_Audio_Emotion/Quantum_audio/data/raw/RAVDESS/Actor_19/03-01-02-02-01-01-19.wav,03,01,02,calm,02,01,01,19
/home/jupyter-dinuanandcr.23cse/project/Quantum_Audio_Emotion/Quantum_audio/data/raw/RAVDESS/Actor_19/03-01-02-02-01-02-19.wav,03,01,02,calm,02,01,02,19
/home/jupyter-dinuanandcr.23cse/project/Quantum_Audio_Emotion/Quantum_audio/data/raw/RAVDESS/Actor_19/03-01-02-02-02-01-19.wav,03,01,02,calm,02,02,01,19
/home/jupyter-dinuanandcr.23cse/project/Quantum_Audio_Emotion/Quantum_audio/data/raw/RAVDESS/Actor_19/03-01-02-02-02-02-19.wav,03,01,02,calm,02,02,02,19
/home/jupyter-dinuanandcr.23cse/project/Quantum_Audio_Emotion/Quantum_audio/data/raw/RAVDESS/Actor_19/03-01-03-01-01-01-19.wav,03,01,03,happy,01,01,01,19
/home/jupyter-dinuanandcr.23cse/project/Quantum_Audio_Emotion/Quantum_audio/data/raw/RAVDESS/Actor_19/03-01-03-01-01-02-19.wav,03,01,03,happy,01,01,02,19
/home/jupyter-dinuanandcr.23cse/project/Quantum_Audio_Emotion/Quantum_audio/data/raw/RAVDESS/Actor_19/03-01-03-01-02-01-19.wav,03,01,03,happy,01,02,01,19
/home/jupyter-dinuanandcr.23cse/project/Quantum_Audio_Emotion/Quantum_audio/data/raw/RAVDESS/Actor_19/03-01-03-01-02-02-19.wav,03,01,03,happy,01,02,02,19
/home/jupyter-dinuanandcr.23cse/project/Quantum_Audio_Emotion/Quantum_audio/data/raw/RAVDESS/Actor_19/03-01-03-02-01-01-19.wav,03,01,03,happy,02,01,01,19
/home/jupyter-dinuanandcr.23cse/project/Quantum_Audio_Emotion/Quantum_audio/data/raw/RAVDESS/Actor_19/03-01-03-02-01-02-19.wav,03,01,03,happy,02,01,02,19
/home/jupyter-dinuanandcr.23cse/project/Quantum_Audio_Emotion/Quantum_audio/data/raw/RAVDESS/Actor_19/03-01-03-02-02-01-19.wav,03,01,03,happy,02,02,01,19
/home/jupyter-dinuanandcr.23cse/project/Quantum_Audio_Emotion/Quantum_audio/data/raw/RAVDESS/Actor_19/03-01-03-02-02-02-19.wav,03,01,03,happy,02,02,02,19
/home/jupyter-dinuanandcr.23cse/project/Quantum_Audio_Emotion/Quantum_audio/data/raw/RAVDESS/Actor_19/03-01-04-01-01-01-19.wav,03,01,04,sad,01,01,01,19
/home/jupyter-dinuanandcr.23cse/project/Quantum_Audio_Emotion/Quantum_audio/data/raw/RAVDESS/Actor_19/03-01-04-01-01-02-19.wav,03,01,04,sad,01,01,02,19
/home/jupyter-dinuanandcr.23cse/project/Quantum_Audio_Emotion/Quantum_audio/data/raw/RAVDESS/Actor_19/03-01-04-01-02-01-19.wav,03,01,04,sad,01,02,01,19
/home/jupyter-dinuanandcr.23cse/project/Quantum_Audio_Emotion/Quantum_audio/data/raw/RAVDESS/Actor_19/03-01-04-01-02-02-19.wav,03,01,04,sad,01,02,02,19
/home/jupyter-dinuanandcr.23cse/project/Quantum_Audio_Emotion/Quantum_audio/data/raw/RAVDESS/Actor_19/03-01-04-02-01-01-19.wav,03,01,04,sad,02,01,01,19
/home/jupyter-dinuanandcr.23cse/project/Quantum_Audio_Emotion/Quantum_audio/data/raw/RAVDESS/Actor_19/03-01-04-02-01-02-19.wav,03,01,04,sad,02,01,02,19
/home/jupyter-dinuanandcr.23cse/project/Quantum_Audio_Emotion/Quantum_audio/data/raw/RAVDESS/Actor_19/03-01-04-02-02-01-19.wav,03,01,04,sad,02,02,01,19
/home/jupyter-dinuanandcr.23cse/project/Quantum_Audio_Emotion/Quantum_audio/data/raw/RAVDESS/Actor_19/03-01-04-02-02-02-19.wav,03,01,04,sad,02,02,02,19
/home/jupyter-dinuanandcr.23cse/project/Quantum_Audio_Emotion/Quantum_audio/data/raw/RAVDESS/Actor_19/03-01-05-01-01-01-19.wav,03,01,05,angry,01,01,01,19
/home/jupyter-dinuanandcr.23cse/project/Quantum_Audio_Emotion/Quantum_audio/data/raw/RAVDESS/Actor_19/03-01-05-01-01-02-19.wav,03,01,05,angry,01,01,02,19
/home/jupyter-dinuanandcr.23cse/project/Quantum_Audio_Emotion/Quantum_audio/data/raw/RAVDESS/Actor_19/03-01-05-01-02-01-19.wav,03,01,05,angry,01,02,01,19
/home/jupyter-dinuanandcr.23cse/project/Quantum_Audio_Emotion/Quantum_audio/data/raw/RAVDESS/Actor_19/03-01-05-01-02-02-19.wav,03,01,05,angry,01,02,02,19
/home/jupyter-dinuanandcr.23cse/project/Quantum_Audio_Emotion/Quantum_audio/data/raw/RAVDESS/Actor_19/03-01-05-02-01-01-19.wav,03,01,05,angry,02,01,01,19
/home/jupyter-dinuanandcr.23cse/project/Quantum_Audio_Emotion/Quantum_audio/data/raw/RAVDESS/Actor_19/03-01-05-02-01-02-19.wav,03,01,05,angry,02,01,02,19
/home/jupyter-dinuanandcr.23cse/project/Quantum_Audio_Emotion/Quantum_audio/data/raw/RAVDESS/Actor_19/03-01-05-02-02-01-19.wav,03,01,05,angry,02,02,01,19
/home/jupyter-dinuanandcr.23cse/project/Quantum_Audio_Emotion/Quantum_audio/data/raw/RAVDESS/Actor_19/03-01-05-02-02-02-19.wav,03,01,05,angry,02,02,02,19
/home/jupyter-dinuanandcr.23cse/project/Quantum_Audio_Emotion/Quantum_audio/data/raw/RAVDESS/Actor_19/03-01-06-01-01-01-19.wav,03,01,06,fearful,01,01,01,19
/home/jupyter-dinuanandcr.23cse/project/Quantum_Audio_Emotion/Quantum_audio/data/raw/RAVDESS/Actor_19/03-01-06-01-01-02-19.wav,03,01,06,fearful,01,01,02,19
/home/jupyter-dinuanandcr.23cse/project/Quantum_Audio_Emotion/Quantum_audio/data/raw/RAVDESS/Actor_19/03-01-06-01-02-01-19.wav,03,01,06,fearful,01,02,01,19
/home/jupyter-dinuanandcr.23cse/project/Quantum_Audio_Emotion/Quantum_audio/data/raw/RAVDESS/Actor_19/03-01-06-01-02-02-19.wav,03,01,06,fearful,01,02,02,19
/home/jupyter-dinuanandcr.23cse/project/Quantum_Audio_Emotion/Quantum_audio/data/raw/RAVDESS/Actor_19/03-01-06-02-01-01-19.wav,03,01,06,fearful,02,01,01,19
/home/jupyter-dinuanandcr.23cse/project/Quantum_Audio_Emotion/Quantum_audio/data/raw/RAVDESS/Actor_19/03-01-06-02-01-02-19.wav,03,01,06,fearful,02,01,02,19
/home/jupyter-dinuanandcr.23cse/project/Quantum_Audio_Emotion/Quantum_audio/data/raw/RAVDESS/Actor_19/03-01-06-02-02-01-19.wav,03,01,06,fearful,02,02,01,19
/home/jupyter-dinuanandcr.23cse/project/Quantum_Audio_Emotion/Quantum_audio/data/raw/RAVDESS/Actor_19/03-01-06-02-02-02-19.wav,03,01,06,fearful,02,02,02,19
/home/jupyter-dinuanandcr.23cse/project/Quantum_Audio_Emotion/Quantum_audio/data/raw/RAVDESS/Actor_19/03-01-07-01-01-01-19.wav,03,01,07,disgust,01,01,01,19
/home/jupyter-dinuanandcr.23cse/project/Quantum_Audio_Emotion/Quantum_audio/data/raw/RAVDESS/Actor_19/03-01-07-01-01-02-19.wav,03,01,07,disgust,01,01,02,19
/home/jupyter-dinuanandcr.23cse/project/Quantum_Audio_Emotion/Quantum_audio/data/raw/RAVDESS/Actor_19/03-01-07-01-02-01-19.wav,03,01,07,disgust,01,02,01,19
/home/jupyter-dinuanandcr.23cse/project/Quantum_Audio_Emotion/Quantum_audio/data/raw/RAVDESS/Actor_19/03-01-07-01-02-02-19.wav,03,01,07,disgust,01,02,02,19
/home/jupyter-dinuanandcr.23cse/project/Quantum_Audio_Emotion/Quantum_audio/data/raw/RAVDESS/Actor_19/03-01-07-02-01-01-19.wav,03,01,07,disgust,02,01,01,19
/home/jupyter-dinuanandcr.23cse/project/Quantum_Audio_Emotion/Quantum_audio/data/raw/RAVDESS/Actor_19/03-01-07-02-01-02-19.wav,03,01,07,disgust,02,01,02,19
/home/jupyter-dinuanandcr.23cse/project/Quantum_Audio_Emotion/Quantum_audio/data/raw/RAVDESS/Actor_19/03-01-07-02-02-01-19.wav,03,01,07,disgust,02,02,01,19
/home/jupyter-dinuanandcr.23cse/project/Quantum_Audio_Emotion/Quantum_audio/data/raw/RAVDESS/Actor_19/03-01-07-02-02-02-19.wav,03,01,07,disgust,02,02,02,19
/home/jupyter-dinuanandcr.23cse/project/Quantum_Audio_Emotion/Quantum_audio/data/raw/RAVDESS/Actor_19/03-01-08-01-01-01-19.wav,03,01,08,surprised,01,01,01,19
/home/jupyter-dinuanandcr.23cse/project/Quantum_Audio_Emotion/Quantum_audio/data/raw/RAVDESS/Actor_19/03-01-08-01-01-02-19.wav,03,01,08,surprised,01,01,02,19
/home/jupyter-dinuanandcr.23cse/project/Quantum_Audio_Emotion/Quantum_audio/data/raw/RAVDESS/Actor_19/03-01-08-01-02-01-19.wav,03,01,08,surprised,01,02,01,19
/home/jupyter-dinuanandcr.23cse/project/Quantum_Audio_Emotion/Quantum_audio/data/raw/RAVDESS/Actor_19/03-01-08-01-02-02-19.wav,03,01,08,surprised,01,02,02,19
/home/jupyter-dinuanandcr.23cse/project/Quantum_Audio_Emotion/Quantum_audio/data/raw/RAVDESS/Actor_19/03-01-08-02-01-01-19.wav,03,01,08,surprised,02,01,01,19
/home/jupyter-dinuanandcr.23cse/project/Quantum_Audio_Emotion/Quantum_audio/data/raw/RAVDESS/Actor_19/03-01-08-02-01-02-19.wav,03,01,08,surprised,02,01,02,19
/home/jupyter-dinuanandcr.23cse/project/Quantum_Audio_Emotion/Quantum_audio/data/raw/RAVDESS/Actor_19/03-01-08-02-02-01-19.wav,03,01,08,surprised,02,02,01,19
/home/jupyter-dinuanandcr.23cse/project/Quantum_Audio_Emotion/Quantum_audio/data/raw/RAVDESS/Actor_19/03-01-08-02-02-02-19.wav,03,01,08,surprised,02,02,02,19
/home/jupyter-dinuanandcr.23cse/project/Quantum_Audio_Emotion/Quantum_audio/data/raw/RAVDESS/Actor_20/03-01-01-01-01-01-20.wav,03,01,01,neutral,01,01,01,20
/home/jupyter-dinuanandcr.23cse/project/Quantum_Audio_Emotion/Quantum_audio/data/raw/RAVDESS/Actor_20/03-01-01-01-01-02-20.wav,03,01,01,neutral,01,01,02,20
/home/jupyter-dinuanandcr.23cse/project/Quantum_Audio_Emotion/Quantum_audio/data/raw/RAVDESS/Actor_20/03-01-01-01-02-01-20.wav,03,01,01,neutral,01,02,01,20
/home/jupyter-dinuanandcr.23cse/project/Quantum_Audio_Emotion/Quantum_audio/data/raw/RAVDESS/Actor_20/03-01-01-01-02-02-20.wav,03,01,01,neutral,01,02,02,20
/home/jupyter-dinuanandcr.23cse/project/Quantum_Audio_Emotion/Quantum_audio/data/raw/RAVDESS/Actor_20/03-01-02-01-01-01-20.wav,03,01,02,calm,01,01,01,20
/home/jupyter-dinuanandcr.23cse/project/Quantum_Audio_Emotion/Quantum_audio/data/raw/RAVDESS/Actor_20/03-01-02-01-01-02-20.wav,03,01,02,calm,01,01,02,20
/home/jupyter-dinuanandcr.23cse/project/Quantum_Audio_Emotion/Quantum_audio/data/raw/RAVDESS/Actor_20/03-01-02-01-02-01-20.wav,03,01,02,calm,01,02,01,20
/home/jupyter-dinuanandcr.23cse/project/Quantum_Audio_Emotion/Quantum_audio/data/raw/RAVDESS/Actor_20/03-01-02-01-02-02-20.wav,03,01,02,calm,01,02,02,20
/home/jupyter-dinuanandcr.23cse/project/Quantum_Audio_Emotion/Quantum_audio/data/raw/RAVDESS/Actor_20/03-01-02-02-01-01-20.wav,03,01,02,calm,02,01,01,20
/home/jupyter-dinuanandcr.23cse/project/Quantum_Audio_Emotion/Quantum_audio/data/raw/RAVDESS/Actor_20/03-01-02-02-01-02-20.wav,03,01,02,calm,02,01,02,20
/home/jupyter-dinuanandcr.23cse/project/Quantum_Audio_Emotion/Quantum_audio/data/raw/RAVDESS/Actor_20/03-01-02-02-02-01-20.wav,03,01,02,calm,02,02,01,20
/home/jupyter-dinuanandcr.23cse/project/Quantum_Audio_Emotion/Quantum_audio/data/raw/RAVDESS/Actor_20/03-01-02-02-02-02-20.wav,03,01,02,calm,02,02,02,20
/home/jupyter-dinuanandcr.23cse/project/Quantum_Audio_Emotion/Quantum_audio/data/raw/RAVDESS/Actor_20/03-01-03-01-01-01-20.wav,03,01,03,happy,01,01,01,20
/home/jupyter-dinuanandcr.23cse/project/Quantum_Audio_Emotion/Quantum_audio/data/raw/RAVDESS/Actor_20/03-01-03-01-01-02-20.wav,03,01,03,happy,01,01,02,20
/home/jupyter-dinuanandcr.23cse/project/Quantum_Audio_Emotion/Quantum_audio/data/raw/RAVDESS/Actor_20/03-01-03-01-02-01-20.wav,03,01,03,happy,01,02,01,20
/home/jupyter-dinuanandcr.23cse/project/Quantum_Audio_Emotion/Quantum_audio/data/raw/RAVDESS/Actor_20/03-01-03-01-02-02-20.wav,03,01,03,happy,01,02,02,20
/home/jupyter-dinuanandcr.23cse/project/Quantum_Audio_Emotion/Quantum_audio/data/raw/RAVDESS/Actor_20/03-01-03-02-01-01-20.wav,03,01,03,happy,02,01,01,20
/home/jupyter-dinuanandcr.23cse/project/Quantum_Audio_Emotion/Quantum_audio/data/raw/RAVDESS/Actor_20/03-01-03-02-01-02-20.wav,03,01,03,happy,02,01,02,20
/home/jupyter-dinuanandcr.23cse/project/Quantum_Audio_Emotion/Quantum_audio/data/raw/RAVDESS/Actor_20/03-01-03-02-02-01-20.wav,03,01,03,happy,02,02,01,20
/home/jupyter-dinuanandcr.23cse/project/Quantum_Audio_Emotion/Quantum_audio/data/raw/RAVDESS/Actor_20/03-01-03-02-02-02-20.wav,03,01,03,happy,02,02,02,20
/home/jupyter-dinuanandcr.23cse/project/Quantum_Audio_Emotion/Quantum_audio/data/raw/RAVDESS/Actor_20/03-01-04-01-01-01-20.wav,03,01,04,sad,01,01,01,20
/home/jupyter-dinuanandcr.23cse/project/Quantum_Audio_Emotion/Quantum_audio/data/raw/RAVDESS/Actor_20/03-01-04-01-01-02-20.wav,03,01,04,sad,01,01,02,20
/home/jupyter-dinuanandcr.23cse/project/Quantum_Audio_Emotion/Quantum_audio/data/raw/RAVDESS/Actor_20/03-01-04-01-02-01-20.wav,03,01,04,sad,01,02,01,20
/home/jupyter-dinuanandcr.23cse/project/Quantum_Audio_Emotion/Quantum_audio/data/raw/RAVDESS/Actor_20/03-01-04-01-02-02-20.wav,03,01,04,sad,01,02,02,20
/home/jupyter-dinuanandcr.23cse/project/Quantum_Audio_Emotion/Quantum_audio/data/raw/RAVDESS/Actor_20/03-01-04-02-01-01-20.wav,03,01,04,sad,02,01,01,20
/home/jupyter-dinuanandcr.23cse/project/Quantum_Audio_Emotion/Quantum_audio/data/raw/RAVDESS/Actor_20/03-01-04-02-01-02-20.wav,03,01,04,sad,02,01,02,20
/home/jupyter-dinuanandcr.23cse/project/Quantum_Audio_Emotion/Quantum_audio/data/raw/RAVDESS/Actor_20/03-01-04-02-02-01-20.wav,03,01,04,sad,02,02,01,20
/home/jupyter-dinuanandcr.23cse/project/Quantum_Audio_Emotion/Quantum_audio/data/raw/RAVDESS/Actor_20/03-01-04-02-02-02-20.wav,03,01,04,sad,02,02,02,20
/home/jupyter-dinuanandcr.23cse/project/Quantum_Audio_Emotion/Quantum_audio/data/raw/RAVDESS/Actor_20/03-01-05-01-01-01-20.wav,03,01,05,angry,01,01,01,20
/home/jupyter-dinuanandcr.23cse/project/Quantum_Audio_Emotion/Quantum_audio/data/raw/RAVDESS/Actor_20/03-01-05-01-01-02-20.wav,03,01,05,angry,01,01,02,20
/home/jupyter-dinuanandcr.23cse/project/Quantum_Audio_Emotion/Quantum_audio/data/raw/RAVDESS/Actor_20/03-01-05-01-02-01-20.wav,03,01,05,angry,01,02,01,20
/home/jupyter-dinuanandcr.23cse/project/Quantum_Audio_Emotion/Quantum_audio/data/raw/RAVDESS/Actor_20/03-01-05-01-02-02-20.wav,03,01,05,angry,01,02,02,20
/home/jupyter-dinuanandcr.23cse/project/Quantum_Audio_Emotion/Quantum_audio/data/raw/RAVDESS/Actor_20/03-01-05-02-01-01-20.wav,03,01,05,angry,02,01,01,20
/home/jupyter-dinuanandcr.23cse/project/Quantum_Audio_Emotion/Quantum_audio/data/raw/RAVDESS/Actor_20/03-01-05-02-01-02-20.wav,03,01,05,angry,02,01,02,20
/home/jupyter-dinuanandcr.23cse/project/Quantum_Audio_Emotion/Quantum_audio/data/raw/RAVDESS/Actor_20/03-01-05-02-02-01-20.wav,03,01,05,angry,02,02,01,20
/home/jupyter-dinuanandcr.23cse/project/Quantum_Audio_Emotion/Quantum_audio/data/raw/RAVDESS/Actor_20/03-01-05-02-02-02-20.wav,03,01,05,angry,02,02,02,20
/home/jupyter-dinuanandcr.23cse/project/Quantum_Audio_Emotion/Quantum_audio/data/raw/RAVDESS/Actor_20/03-01-06-01-01-01-20.wav,03,01,06,fearful,01,01,01,20
/home/jupyter-dinuanandcr.23cse/project/Quantum_Audio_Emotion/Quantum_audio/data/raw/RAVDESS/Actor_20/03-01-06-01-01-02-20.wav,03,01,06,fearful,01,01,02,20
/home/jupyter-dinuanandcr.23cse/project/Quantum_Audio_Emotion/Quantum_audio/data/raw/RAVDESS/Actor_20/03-01-06-01-02-01-20.wav,03,01,06,fearful,01,02,01,20
/home/jupyter-dinuanandcr.23cse/project/Quantum_Audio_Emotion/Quantum_audio/data/raw/RAVDESS/Actor_20/03-01-06-01-02-02-20.wav,03,01,06,fearful,01,02,02,20
/home/jupyter-dinuanandcr.23cse/project/Quantum_Audio_Emotion/Quantum_audio/data/raw/RAVDESS/Actor_20/03-01-06-02-01-01-20.wav,03,01,06,fearful,02,01,01,20
/home/jupyter-dinuanandcr.23cse/project/Quantum_Audio_Emotion/Quantum_audio/data/raw/RAVDESS/Actor_20/03-01-06-02-01-02-20.wav,03,01,06,fearful,02,01,02,20
/home/jupyter-dinuanandcr.23cse/project/Quantum_Audio_Emotion/Quantum_audio/data/raw/RAVDESS/Actor_20/03-01-06-02-02-01-20.wav,03,01,06,fearful,02,02,01,20
/home/jupyter-dinuanandcr.23cse/project/Quantum_Audio_Emotion/Quantum_audio/data/raw/RAVDESS/Actor_20/03-01-06-02-02-02-20.wav,03,01,06,fearful,02,02,02,20
/home/jupyter-dinuanandcr.23cse/project/Quantum_Audio_Emotion/Quantum_audio/data/raw/RAVDESS/Actor_20/03-01-07-01-01-01-20.wav,03,01,07,disgust,01,01,01,20
/home/jupyter-dinuanandcr.23cse/project/Quantum_Audio_Emotion/Quantum_audio/data/raw/RAVDESS/Actor_20/03-01-07-01-01-02-20.wav,03,01,07,disgust,01,01,02,20
/home/jupyter-dinuanandcr.23cse/project/Quantum_Audio_Emotion/Quantum_audio/data/raw/RAVDESS/Actor_20/03-01-07-01-02-01-20.wav,03,01,07,disgust,01,02,01,20
/home/jupyter-dinuanandcr.23cse/project/Quantum_Audio_Emotion/Quantum_audio/data/raw/RAVDESS/Actor_20/03-01-07-01-02-02-20.wav,03,01,07,disgust,01,02,02,20
/home/jupyter-dinuanandcr.23cse/project/Quantum_Audio_Emotion/Quantum_audio/data/raw/RAVDESS/Actor_20/03-01-07-02-01-01-20.wav,03,01,07,disgust,02,01,01,20
/home/jupyter-dinuanandcr.23cse/project/Quantum_Audio_Emotion/Quantum_audio/data/raw/RAVDESS/Actor_20/03-01-07-02-01-02-20.wav,03,01,07,disgust,02,01,02,20
/home/jupyter-dinuanandcr.23cse/project/Quantum_Audio_Emotion/Quantum_audio/data/raw/RAVDESS/Actor_20/03-01-07-02-02-01-20.wav,03,01,07,disgust,02,02,01,20
/home/jupyter-dinuanandcr.23cse/project/Quantum_Audio_Emotion/Quantum_audio/data/raw/RAVDESS/Actor_20/03-01-07-02-02-02-20.wav,03,01,07,disgust,02,02,02,20
/home/jupyter-dinuanandcr.23cse/project/Quantum_Audio_Emotion/Quantum_audio/data/raw/RAVDESS/Actor_20/03-01-08-01-01-01-20.wav,03,01,08,surprised,01,01,01,20
/home/jupyter-dinuanandcr.23cse/project/Quantum_Audio_Emotion/Quantum_audio/data/raw/RAVDESS/Actor_20/03-01-08-01-01-02-20.wav,03,01,08,surprised,01,01,02,20
/home/jupyter-dinuanandcr.23cse/project/Quantum_Audio_Emotion/Quantum_audio/data/raw/RAVDESS/Actor_20/03-01-08-01-02-01-20.wav,03,01,08,surprised,01,02,01,20
/home/jupyter-dinuanandcr.23cse/project/Quantum_Audio_Emotion/Quantum_audio/data/raw/RAVDESS/Actor_20/03-01-08-01-02-02-20.wav,03,01,08,surprised,01,02,02,20
/home/jupyter-dinuanandcr.23cse/project/Quantum_Audio_Emotion/Quantum_audio/data/raw/RAVDESS/Actor_20/03-01-08-02-01-01-20.wav,03,01,08,surprised,02,01,01,20
/home/jupyter-dinuanandcr.23cse/project/Quantum_Audio_Emotion/Quantum_audio/data/raw/RAVDESS/Actor_20/03-01-08-02-01-02-20.wav,03,01,08,surprised,02,01,02,20
/home/jupyter-dinuanandcr.23cse/project/Quantum_Audio_Emotion/Quantum_audio/data/raw/RAVDESS/Actor_20/03-01-08-02-02-01-20.wav,03,01,08,surprised,02,02,01,20
/home/jupyter-dinuanandcr.23cse/project/Quantum_Audio_Emotion/Quantum_audio/data/raw/RAVDESS/Actor_20/03-01-08-02-02-02-20.wav,03,01,08,surprised,02,02,02,20
/home/jupyter-dinuanandcr.23cse/project/Quantum_Audio_Emotion/Quantum_audio/data/raw/RAVDESS/Actor_21/03-01-01-01-01-01-21.wav,03,01,01,neutral,01,01,01,21
/home/jupyter-dinuanandcr.23cse/project/Quantum_Audio_Emotion/Quantum_audio/data/raw/RAVDESS/Actor_21/03-01-01-01-01-02-21.wav,03,01,01,neutral,01,01,02,21
/home/jupyter-dinuanandcr.23cse/project/Quantum_Audio_Emotion/Quantum_audio/data/raw/RAVDESS/Actor_21/03-01-01-01-02-01-21.wav,03,01,01,neutral,01,02,01,21
/home/jupyter-dinuanandcr.23cse/project/Quantum_Audio_Emotion/Quantum_audio/data/raw/RAVDESS/Actor_21/03-01-01-01-02-02-21.wav,03,01,01,neutral,01,02,02,21
/home/jupyter-dinuanandcr.23cse/project/Quantum_Audio_Emotion/Quantum_audio/data/raw/RAVDESS/Actor_21/03-01-02-01-01-01-21.wav,03,01,02,calm,01,01,01,21
/home/jupyter-dinuanandcr.23cse/project/Quantum_Audio_Emotion/Quantum_audio/data/raw/RAVDESS/Actor_21/03-01-02-01-01-02-21.wav,03,01,02,calm,01,01,02,21
/home/jupyter-dinuanandcr.23cse/project/Quantum_Audio_Emotion/Quantum_audio/data/raw/RAVDESS/Actor_21/03-01-02-01-02-01-21.wav,03,01,02,calm,01,02,01,21
/home/jupyter-dinuanandcr.23cse/project/Quantum_Audio_Emotion/Quantum_audio/data/raw/RAVDESS/Actor_21/03-01-02-01-02-02-21.wav,03,01,02,calm,01,02,02,21
/home/jupyter-dinuanandcr.23cse/project/Quantum_Audio_Emotion/Quantum_audio/data/raw/RAVDESS/Actor_21/03-01-02-02-01-01-21.wav,03,01,02,calm,02,01,01,21
/home/jupyter-dinuanandcr.23cse/project/Quantum_Audio_Emotion/Quantum_audio/data/raw/RAVDESS/Actor_21/03-01-02-02-01-02-21.wav,03,01,02,calm,02,01,02,21
/home/jupyter-dinuanandcr.23cse/project/Quantum_Audio_Emotion/Quantum_audio/data/raw/RAVDESS/Actor_21/03-01-02-02-02-01-21.wav,03,01,02,calm,02,02,01,21
/home/jupyter-dinuanandcr.23cse/project/Quantum_Audio_Emotion/Quantum_audio/data/raw/RAVDESS/Actor_21/03-01-02-02-02-02-21.wav,03,01,02,calm,02,02,02,21
/home/jupyter-dinuanandcr.23cse/project/Quantum_Audio_Emotion/Quantum_audio/data/raw/RAVDESS/Actor_21/03-01-03-01-01-01-21.wav,03,01,03,happy,01,01,01,21
/home/jupyter-dinuanandcr.23cse/project/Quantum_Audio_Emotion/Quantum_audio/data/raw/RAVDESS/Actor_21/03-01-03-01-01-02-21.wav,03,01,03,happy,01,01,02,21
/home/jupyter-dinuanandcr.23cse/project/Quantum_Audio_Emotion/Quantum_audio/data/raw/RAVDESS/Actor_21/03-01-03-01-02-01-21.wav,03,01,03,happy,01,02,01,21
/home/jupyter-dinuanandcr.23cse/project/Quantum_Audio_Emotion/Quantum_audio/data/raw/RAVDESS/Actor_21/03-01-03-01-02-02-21.wav,03,01,03,happy,01,02,02,21
/home/jupyter-dinuanandcr.23cse/project/Quantum_Audio_Emotion/Quantum_audio/data/raw/RAVDESS/Actor_21/03-01-03-02-01-01-21.wav,03,01,03,happy,02,01,01,21
/home/jupyter-dinuanandcr.23cse/project/Quantum_Audio_Emotion/Quantum_audio/data/raw/RAVDESS/Actor_21/03-01-03-02-01-02-21.wav,03,01,03,happy,02,01,02,21
/home/jupyter-dinuanandcr.23cse/project/Quantum_Audio_Emotion/Quantum_audio/data/raw/RAVDESS/Actor_21/03-01-03-02-02-01-21.wav,03,01,03,happy,02,02,01,21
/home/jupyter-dinuanandcr.23cse/project/Quantum_Audio_Emotion/Quantum_audio/data/raw/RAVDESS/Actor_21/03-01-03-02-02-02-21.wav,03,01,03,happy,02,02,02,21
/home/jupyter-dinuanandcr.23cse/project/Quantum_Audio_Emotion/Quantum_audio/data/raw/RAVDESS/Actor_21/03-01-04-01-01-01-21.wav,03,01,04,sad,01,01,01,21
/home/jupyter-dinuanandcr.23cse/project/Quantum_Audio_Emotion/Quantum_audio/data/raw/RAVDESS/Actor_21/03-01-04-01-01-02-21.wav,03,01,04,sad,01,01,02,21
/home/jupyter-dinuanandcr.23cse/project/Quantum_Audio_Emotion/Quantum_audio/data/raw/RAVDESS/Actor_21/03-01-04-01-02-01-21.wav,03,01,04,sad,01,02,01,21
/home/jupyter-dinuanandcr.23cse/project/Quantum_Audio_Emotion/Quantum_audio/data/raw/RAVDESS/Actor_21/03-01-04-01-02-02-21.wav,03,01,04,sad,01,02,02,21
/home/jupyter-dinuanandcr.23cse/project/Quantum_Audio_Emotion/Quantum_audio/data/raw/RAVDESS/Actor_21/03-01-04-02-01-01-21.wav,03,01,04,sad,02,01,01,21
/home/jupyter-dinuanandcr.23cse/project/Quantum_Audio_Emotion/Quantum_audio/data/raw/RAVDESS/Actor_21/03-01-04-02-01-02-21.wav,03,01,04,sad,02,01,02,21
/home/jupyter-dinuanandcr.23cse/project/Quantum_Audio_Emotion/Quantum_audio/data/raw/RAVDESS/Actor_21/03-01-04-02-02-01-21.wav,03,01,04,sad,02,02,01,21
/home/jupyter-dinuanandcr.23cse/project/Quantum_Audio_Emotion/Quantum_audio/data/raw/RAVDESS/Actor_21/03-01-04-02-02-02-21.wav,03,01,04,sad,02,02,02,21
/home/jupyter-dinuanandcr.23cse/project/Quantum_Audio_Emotion/Quantum_audio/data/raw/RAVDESS/Actor_21/03-01-05-01-01-01-21.wav,03,01,05,angry,01,01,01,21
/home/jupyter-dinuanandcr.23cse/project/Quantum_Audio_Emotion/Quantum_audio/data/raw/RAVDESS/Actor_21/03-01-05-01-01-02-21.wav,03,01,05,angry,01,01,02,21
/home/jupyter-dinuanandcr.23cse/project/Quantum_Audio_Emotion/Quantum_audio/data/raw/RAVDESS/Actor_21/03-01-05-01-02-01-21.wav,03,01,05,angry,01,02,01,21
/home/jupyter-dinuanandcr.23cse/project/Quantum_Audio_Emotion/Quantum_audio/data/raw/RAVDESS/Actor_21/03-01-05-01-02-02-21.wav,03,01,05,angry,01,02,02,21
/home/jupyter-dinuanandcr.23cse/project/Quantum_Audio_Emotion/Quantum_audio/data/raw/RAVDESS/Actor_21/03-01-05-02-01-01-21.wav,03,01,05,angry,02,01,01,21
/home/jupyter-dinuanandcr.23cse/project/Quantum_Audio_Emotion/Quantum_audio/data/raw/RAVDESS/Actor_21/03-01-05-02-01-02-21.wav,03,01,05,angry,02,01,02,21
/home/jupyter-dinuanandcr.23cse/project/Quantum_Audio_Emotion/Quantum_audio/data/raw/RAVDESS/Actor_21/03-01-05-02-02-01-21.wav,03,01,05,angry,02,02,01,21
/home/jupyter-dinuanandcr.23cse/project/Quantum_Audio_Emotion/Quantum_audio/data/raw/RAVDESS/Actor_21/03-01-05-02-02-02-21.wav,03,01,05,angry,02,02,02,21
/home/jupyter-dinuanandcr.23cse/project/Quantum_Audio_Emotion/Quantum_audio/data/raw/RAVDESS/Actor_21/03-01-06-01-01-01-21.wav,03,01,06,fearful,01,01,01,21
/home/jupyter-dinuanandcr.23cse/project/Quantum_Audio_Emotion/Quantum_audio/data/raw/RAVDESS/Actor_21/03-01-06-01-01-02-21.wav,03,01,06,fearful,01,01,02,21
/home/jupyter-dinuanandcr.23cse/project/Quantum_Audio_Emotion/Quantum_audio/data/raw/RAVDESS/Actor_21/03-01-06-01-02-01-21.wav,03,01,06,fearful,01,02,01,21
/home/jupyter-dinuanandcr.23cse/project/Quantum_Audio_Emotion/Quantum_audio/data/raw/RAVDESS/Actor_21/03-01-06-01-02-02-21.wav,03,01,06,fearful,01,02,02,21
/home/jupyter-dinuanandcr.23cse/project/Quantum_Audio_Emotion/Quantum_audio/data/raw/RAVDESS/Actor_21/03-01-06-02-01-01-21.wav,03,01,06,fearful,02,01,01,21
/home/jupyter-dinuanandcr.23cse/project/Quantum_Audio_Emotion/Quantum_audio/data/raw/RAVDESS/Actor_21/03-01-06-02-01-02-21.wav,03,01,06,fearful,02,01,02,21
/home/jupyter-dinuanandcr.23cse/project/Quantum_Audio_Emotion/Quantum_audio/data/raw/RAVDESS/Actor_21/03-01-06-02-02-01-21.wav,03,01,06,fearful,02,02,01,21
/home/jupyter-dinuanandcr.23cse/project/Quantum_Audio_Emotion/Quantum_audio/data/raw/RAVDESS/Actor_21/03-01-06-02-02-02-21.wav,03,01,06,fearful,02,02,02,21
/home/jupyter-dinuanandcr.23cse/project/Quantum_Audio_Emotion/Quantum_audio/data/raw/RAVDESS/Actor_21/03-01-07-01-01-01-21.wav,03,01,07,disgust,01,01,01,21
/home/jupyter-dinuanandcr.23cse/project/Quantum_Audio_Emotion/Quantum_audio/data/raw/RAVDESS/Actor_21/03-01-07-01-01-02-21.wav,03,01,07,disgust,01,01,02,21
/home/jupyter-dinuanandcr.23cse/project/Quantum_Audio_Emotion/Quantum_audio/data/raw/RAVDESS/Actor_21/03-01-07-01-02-01-21.wav,03,01,07,disgust,01,02,01,21
/home/jupyter-dinuanandcr.23cse/project/Quantum_Audio_Emotion/Quantum_audio/data/raw/RAVDESS/Actor_21/03-01-07-01-02-02-21.wav,03,01,07,disgust,01,02,02,21
/home/jupyter-dinuanandcr.23cse/project/Quantum_Audio_Emotion/Quantum_audio/data/raw/RAVDESS/Actor_21/03-01-07-02-01-01-21.wav,03,01,07,disgust,02,01,01,21
/home/jupyter-dinuanandcr.23cse/project/Quantum_Audio_Emotion/Quantum_audio/data/raw/RAVDESS/Actor_21/03-01-07-02-01-02-21.wav,03,01,07,disgust,02,01,02,21
/home/jupyter-dinuanandcr.23cse/project/Quantum_Audio_Emotion/Quantum_audio/data/raw/RAVDESS/Actor_21/03-01-07-02-02-01-21.wav,03,01,07,disgust,02,02,01,21
/home/jupyter-dinuanandcr.23cse/project/Quantum_Audio_Emotion/Quantum_audio/data/raw/RAVDESS/Actor_21/03-01-07-02-02-02-21.wav,03,01,07,disgust,02,02,02,21
/home/jupyter-dinuanandcr.23cse/project/Quantum_Audio_Emotion/Quantum_audio/data/raw/RAVDESS/Actor_21/03-01-08-01-01-01-21.wav,03,01,08,surprised,01,01,01,21
/home/jupyter-dinuanandcr.23cse/project/Quantum_Audio_Emotion/Quantum_audio/data/raw/RAVDESS/Actor_21/03-01-08-01-01-02-21.wav,03,01,08,surprised,01,01,02,21
/home/jupyter-dinuanandcr.23cse/project/Quantum_Audio_Emotion/Quantum_audio/data/raw/RAVDESS/Actor_21/03-01-08-01-02-01-21.wav,03,01,08,surprised,01,02,01,21
/home/jupyter-dinuanandcr.23cse/project/Quantum_Audio_Emotion/Quantum_audio/data/raw/RAVDESS/Actor_21/03-01-08-01-02-02-21.wav,03,01,08,surprised,01,02,02,21
/home/jupyter-dinuanandcr.23cse/project/Quantum_Audio_Emotion/Quantum_audio/data/raw/RAVDESS/Actor_21/03-01-08-02-01-01-21.wav,03,01,08,surprised,02,01,01,21
/home/jupyter-dinuanandcr.23cse/project/Quantum_Audio_Emotion/Quantum_audio/data/raw/RAVDESS/Actor_21/03-01-08-02-01-02-21.wav,03,01,08,surprised,02,01,02,21
/home/jupyter-dinuanandcr.23cse/project/Quantum_Audio_Emotion/Quantum_audio/data/raw/RAVDESS/Actor_21/03-01-08-02-02-01-21.wav,03,01,08,surprised,02,02,01,21
/home/jupyter-dinuanandcr.23cse/project/Quantum_Audio_Emotion/Quantum_audio/data/raw/RAVDESS/Actor_21/03-01-08-02-02-02-21.wav,03,01,08,surprised,02,02,02,21
/home/jupyter-dinuanandcr.23cse/project/Quantum_Audio_Emotion/Quantum_audio/data/raw/RAVDESS/Actor_22/03-01-01-01-01-01-22.wav,03,01,01,neutral,01,01,01,22
/home/jupyter-dinuanandcr.23cse/project/Quantum_Audio_Emotion/Quantum_audio/data/raw/RAVDESS/Actor_22/03-01-01-01-01-02-22.wav,03,01,01,neutral,01,01,02,22
/home/jupyter-dinuanandcr.23cse/project/Quantum_Audio_Emotion/Quantum_audio/data/raw/RAVDESS/Actor_22/03-01-01-01-02-01-22.wav,03,01,01,neutral,01,02,01,22
/home/jupyter-dinuanandcr.23cse/project/Quantum_Audio_Emotion/Quantum_audio/data/raw/RAVDESS/Actor_22/03-01-01-01-02-02-22.wav,03,01,01,neutral,01,02,02,22
/home/jupyter-dinuanandcr.23cse/project/Quantum_Audio_Emotion/Quantum_audio/data/raw/RAVDESS/Actor_22/03-01-02-01-01-01-22.wav,03,01,02,calm,01,01,01,22
/home/jupyter-dinuanandcr.23cse/project/Quantum_Audio_Emotion/Quantum_audio/data/raw/RAVDESS/Actor_22/03-01-02-01-01-02-22.wav,03,01,02,calm,01,01,02,22
/home/jupyter-dinuanandcr.23cse/project/Quantum_Audio_Emotion/Quantum_audio/data/raw/RAVDESS/Actor_22/03-01-02-01-02-01-22.wav,03,01,02,calm,01,02,01,22
/home/jupyter-dinuanandcr.23cse/project/Quantum_Audio_Emotion/Quantum_audio/data/raw/RAVDESS/Actor_22/03-01-02-01-02-02-22.wav,03,01,02,calm,01,02,02,22
/home/jupyter-dinuanandcr.23cse/project/Quantum_Audio_Emotion/Quantum_audio/data/raw/RAVDESS/Actor_22/03-01-02-02-01-01-22.wav,03,01,02,calm,02,01,01,22
/home/jupyter-dinuanandcr.23cse/project/Quantum_Audio_Emotion/Quantum_audio/data/raw/RAVDESS/Actor_22/03-01-02-02-01-02-22.wav,03,01,02,calm,02,01,02,22
/home/jupyter-dinuanandcr.23cse/project/Quantum_Audio_Emotion/Quantum_audio/data/raw/RAVDESS/Actor_22/03-01-02-02-02-01-22.wav,03,01,02,calm,02,02,01,22
/home/jupyter-dinuanandcr.23cse/project/Quantum_Audio_Emotion/Quantum_audio/data/raw/RAVDESS/Actor_22/03-01-02-02-02-02-22.wav,03,01,02,calm,02,02,02,22
/home/jupyter-dinuanandcr.23cse/project/Quantum_Audio_Emotion/Quantum_audio/data/raw/RAVDESS/Actor_22/03-01-03-01-01-01-22.wav,03,01,03,happy,01,01,01,22
/home/jupyter-dinuanandcr.23cse/project/Quantum_Audio_Emotion/Quantum_audio/data/raw/RAVDESS/Actor_22/03-01-03-01-01-02-22.wav,03,01,03,happy,01,01,02,22
/home/jupyter-dinuanandcr.23cse/project/Quantum_Audio_Emotion/Quantum_audio/data/raw/RAVDESS/Actor_22/03-01-03-01-02-01-22.wav,03,01,03,happy,01,02,01,22
/home/jupyter-dinuanandcr.23cse/project/Quantum_Audio_Emotion/Quantum_audio/data/raw/RAVDESS/Actor_22/03-01-03-01-02-02-22.wav,03,01,03,happy,01,02,02,22
/home/jupyter-dinuanandcr.23cse/project/Quantum_Audio_Emotion/Quantum_audio/data/raw/RAVDESS/Actor_22/03-01-03-02-01-01-22.wav,03,01,03,happy,02,01,01,22
/home/jupyter-dinuanandcr.23cse/project/Quantum_Audio_Emotion/Quantum_audio/data/raw/RAVDESS/Actor_22/03-01-03-02-01-02-22.wav,03,01,03,happy,02,01,02,22
/home/jupyter-dinuanandcr.23cse/project/Quantum_Audio_Emotion/Quantum_audio/data/raw/RAVDESS/Actor_22/03-01-03-02-02-01-22.wav,03,01,03,happy,02,02,01,22
/home/jupyter-dinuanandcr.23cse/project/Quantum_Audio_Emotion/Quantum_audio/data/raw/RAVDESS/Actor_22/03-01-03-02-02-02-22.wav,03,01,03,happy,02,02,02,22
/home/jupyter-dinuanandcr.23cse/project/Quantum_Audio_Emotion/Quantum_audio/data/raw/RAVDESS/Actor_22/03-01-04-01-01-01-22.wav,03,01,04,sad,01,01,01,22
/home/jupyter-dinuanandcr.23cse/project/Quantum_Audio_Emotion/Quantum_audio/data/raw/RAVDESS/Actor_22/03-01-04-01-01-02-22.wav,03,01,04,sad,01,01,02,22
/home/jupyter-dinuanandcr.23cse/project/Quantum_Audio_Emotion/Quantum_audio/data/raw/RAVDESS/Actor_22/03-01-04-01-02-01-22.wav,03,01,04,sad,01,02,01,22
/home/jupyter-dinuanandcr.23cse/project/Quantum_Audio_Emotion/Quantum_audio/data/raw/RAVDESS/Actor_22/03-01-04-01-02-02-22.wav,03,01,04,sad,01,02,02,22
/home/jupyter-dinuanandcr.23cse/project/Quantum_Audio_Emotion/Quantum_audio/data/raw/RAVDESS/Actor_22/03-01-04-02-01-01-22.wav,03,01,04,sad,02,01,01,22
/home/jupyter-dinuanandcr.23cse/project/Quantum_Audio_Emotion/Quantum_audio/data/raw/RAVDESS/Actor_22/03-01-04-02-01-02-22.wav,03,01,04,sad,02,01,02,22
/home/jupyter-dinuanandcr.23cse/project/Quantum_Audio_Emotion/Quantum_audio/data/raw/RAVDESS/Actor_22/03-01-04-02-02-01-22.wav,03,01,04,sad,02,02,01,22
/home/jupyter-dinuanandcr.23cse/project/Quantum_Audio_Emotion/Quantum_audio/data/raw/RAVDESS/Actor_22/03-01-04-02-02-02-22.wav,03,01,04,sad,02,02,02,22
/home/jupyter-dinuanandcr.23cse/project/Quantum_Audio_Emotion/Quantum_audio/data/raw/RAVDESS/Actor_22/03-01-05-01-01-01-22.wav,03,01,05,angry,01,01,01,22
/home/jupyter-dinuanandcr.23cse/project/Quantum_Audio_Emotion/Quantum_audio/data/raw/RAVDESS/Actor_22/03-01-05-01-01-02-22.wav,03,01,05,angry,01,01,02,22
/home/jupyter-dinuanandcr.23cse/project/Quantum_Audio_Emotion/Quantum_audio/data/raw/RAVDESS/Actor_22/03-01-05-01-02-01-22.wav,03,01,05,angry,01,02,01,22
/home/jupyter-dinuanandcr.23cse/project/Quantum_Audio_Emotion/Quantum_audio/data/raw/RAVDESS/Actor_22/03-01-05-01-02-02-22.wav,03,01,05,angry,01,02,02,22
/home/jupyter-dinuanandcr.23cse/project/Quantum_Audio_Emotion/Quantum_audio/data/raw/RAVDESS/Actor_22/03-01-05-02-01-01-22.wav,03,01,05,angry,02,01,01,22
/home/jupyter-dinuanandcr.23cse/project/Quantum_Audio_Emotion/Quantum_audio/data/raw/RAVDESS/Actor_22/03-01-05-02-01-02-22.wav,03,01,05,angry,02,01,02,22
/home/jupyter-dinuanandcr.23cse/project/Quantum_Audio_Emotion/Quantum_audio/data/raw/RAVDESS/Actor_22/03-01-05-02-02-01-22.wav,03,01,05,angry,02,02,01,22
/home/jupyter-dinuanandcr.23cse/project/Quantum_Audio_Emotion/Quantum_audio/data/raw/RAVDESS/Actor_22/03-01-05-02-02-02-22.wav,03,01,05,angry,02,02,02,22
/home/jupyter-dinuanandcr.23cse/project/Quantum_Audio_Emotion/Quantum_audio/data/raw/RAVDESS/Actor_22/03-01-06-01-01-01-22.wav,03,01,06,fearful,01,01,01,22
/home/jupyter-dinuanandcr.23cse/project/Quantum_Audio_Emotion/Quantum_audio/data/raw/RAVDESS/Actor_22/03-01-06-01-01-02-22.wav,03,01,06,fearful,01,01,02,22
/home/jupyter-dinuanandcr.23cse/project/Quantum_Audio_Emotion/Quantum_audio/data/raw/RAVDESS/Actor_22/03-01-06-01-02-01-22.wav,03,01,06,fearful,01,02,01,22
/home/jupyter-dinuanandcr.23cse/project/Quantum_Audio_Emotion/Quantum_audio/data/raw/RAVDESS/Actor_22/03-01-06-01-02-02-22.wav,03,01,06,fearful,01,02,02,22
/home/jupyter-dinuanandcr.23cse/project/Quantum_Audio_Emotion/Quantum_audio/data/raw/RAVDESS/Actor_22/03-01-06-02-01-01-22.wav,03,01,06,fearful,02,01,01,22
/home/jupyter-dinuanandcr.23cse/project/Quantum_Audio_Emotion/Quantum_audio/data/raw/RAVDESS/Actor_22/03-01-06-02-01-02-22.wav,03,01,06,fearful,02,01,02,22
/home/jupyter-dinuanandcr.23cse/project/Quantum_Audio_Emotion/Quantum_audio/data/raw/RAVDESS/Actor_22/03-01-06-02-02-01-22.wav,03,01,06,fearful,02,02,01,22
/home/jupyter-dinuanandcr.23cse/project/Quantum_Audio_Emotion/Quantum_audio/data/raw/RAVDESS/Actor_22/03-01-06-02-02-02-22.wav,03,01,06,fearful,02,02,02,22
/home/jupyter-dinuanandcr.23cse/project/Quantum_Audio_Emotion/Quantum_audio/data/raw/RAVDESS/Actor_22/03-01-07-01-01-01-22.wav,03,01,07,disgust,01,01,01,22
/home/jupyter-dinuanandcr.23cse/project/Quantum_Audio_Emotion/Quantum_audio/data/raw/RAVDESS/Actor_22/03-01-07-01-01-02-22.wav,03,01,07,disgust,01,01,02,22
/home/jupyter-dinuanandcr.23cse/project/Quantum_Audio_Emotion/Quantum_audio/data/raw/RAVDESS/Actor_22/03-01-07-01-02-01-22.wav,03,01,07,disgust,01,02,01,22
/home/jupyter-dinuanandcr.23cse/project/Quantum_Audio_Emotion/Quantum_audio/data/raw/RAVDESS/Actor_22/03-01-07-01-02-02-22.wav,03,01,07,disgust,01,02,02,22
/home/jupyter-dinuanandcr.23cse/project/Quantum_Audio_Emotion/Quantum_audio/data/raw/RAVDESS/Actor_22/03-01-07-02-01-01-22.wav,03,01,07,disgust,02,01,01,22
/home/jupyter-dinuanandcr.23cse/project/Quantum_Audio_Emotion/Quantum_audio/data/raw/RAVDESS/Actor_22/03-01-07-02-01-02-22.wav,03,01,07,disgust,02,01,02,22
/home/jupyter-dinuanandcr.23cse/project/Quantum_Audio_Emotion/Quantum_audio/data/raw/RAVDESS/Actor_22/03-01-07-02-02-01-22.wav,03,01,07,disgust,02,02,01,22
/home/jupyter-dinuanandcr.23cse/project/Quantum_Audio_Emotion/Quantum_audio/data/raw/RAVDESS/Actor_22/03-01-07-02-02-02-22.wav,03,01,07,disgust,02,02,02,22
/home/jupyter-dinuanandcr.23cse/project/Quantum_Audio_Emotion/Quantum_audio/data/raw/RAVDESS/Actor_22/03-01-08-01-01-01-22.wav,03,01,08,surprised,01,01,01,22
/home/jupyter-dinuanandcr.23cse/project/Quantum_Audio_Emotion/Quantum_audio/data/raw/RAVDESS/Actor_22/03-01-08-01-01-02-22.wav,03,01,08,surprised,01,01,02,22
/home/jupyter-dinuanandcr.23cse/project/Quantum_Audio_Emotion/Quantum_audio/data/raw/RAVDESS/Actor_22/03-01-08-01-02-01-22.wav,03,01,08,surprised,01,02,01,22
/home/jupyter-dinuanandcr.23cse/project/Quantum_Audio_Emotion/Quantum_audio/data/raw/RAVDESS/Actor_22/03-01-08-01-02-02-22.wav,03,01,08,surprised,01,02,02,22
/home/jupyter-dinuanandcr.23cse/project/Quantum_Audio_Emotion/Quantum_audio/data/raw/RAVDESS/Actor_22/03-01-08-02-01-01-22.wav,03,01,08,surprised,02,01,01,22
/home/jupyter-dinuanandcr.23cse/project/Quantum_Audio_Emotion/Quantum_audio/data/raw/RAVDESS/Actor_22/03-01-08-02-01-02-22.wav,03,01,08,surprised,02,01,02,22
/home/jupyter-dinuanandcr.23cse/project/Quantum_Audio_Emotion/Quantum_audio/data/raw/RAVDESS/Actor_22/03-01-08-02-02-01-22.wav,03,01,08,surprised,02,02,01,22
/home/jupyter-dinuanandcr.23cse/project/Quantum_Audio_Emotion/Quantum_audio/data/raw/RAVDESS/Actor_22/03-01-08-02-02-02-22.wav,03,01,08,surprised,02,02,02,22
/home/jupyter-dinuanandcr.23cse/project/Quantum_Audio_Emotion/Quantum_audio/data/raw/RAVDESS/Actor_23/03-01-01-01-01-01-23.wav,03,01,01,neutral,01,01,01,23
/home/jupyter-dinuanandcr.23cse/project/Quantum_Audio_Emotion/Quantum_audio/data/raw/RAVDESS/Actor_23/03-01-01-01-01-02-23.wav,03,01,01,neutral,01,01,02,23
/home/jupyter-dinuanandcr.23cse/project/Quantum_Audio_Emotion/Quantum_audio/data/raw/RAVDESS/Actor_23/03-01-01-01-02-01-23.wav,03,01,01,neutral,01,02,01,23
/home/jupyter-dinuanandcr.23cse/project/Quantum_Audio_Emotion/Quantum_audio/data/raw/RAVDESS/Actor_23/03-01-01-01-02-02-23.wav,03,01,01,neutral,01,02,02,23
/home/jupyter-dinuanandcr.23cse/project/Quantum_Audio_Emotion/Quantum_audio/data/raw/RAVDESS/Actor_23/03-01-02-01-01-01-23.wav,03,01,02,calm,01,01,01,23
/home/jupyter-dinuanandcr.23cse/project/Quantum_Audio_Emotion/Quantum_audio/data/raw/RAVDESS/Actor_23/03-01-02-01-01-02-23.wav,03,01,02,calm,01,01,02,23
/home/jupyter-dinuanandcr.23cse/project/Quantum_Audio_Emotion/Quantum_audio/data/raw/RAVDESS/Actor_23/03-01-02-01-02-01-23.wav,03,01,02,calm,01,02,01,23
/home/jupyter-dinuanandcr.23cse/project/Quantum_Audio_Emotion/Quantum_audio/data/raw/RAVDESS/Actor_23/03-01-02-01-02-02-23.wav,03,01,02,calm,01,02,02,23
/home/jupyter-dinuanandcr.23cse/project/Quantum_Audio_Emotion/Quantum_audio/data/raw/RAVDESS/Actor_23/03-01-02-02-01-01-23.wav,03,01,02,calm,02,01,01,23
/home/jupyter-dinuanandcr.23cse/project/Quantum_Audio_Emotion/Quantum_audio/data/raw/RAVDESS/Actor_23/03-01-02-02-01-02-23.wav,03,01,02,calm,02,01,02,23
/home/jupyter-dinuanandcr.23cse/project/Quantum_Audio_Emotion/Quantum_audio/data/raw/RAVDESS/Actor_23/03-01-02-02-02-01-23.wav,03,01,02,calm,02,02,01,23
/home/jupyter-dinuanandcr.23cse/project/Quantum_Audio_Emotion/Quantum_audio/data/raw/RAVDESS/Actor_23/03-01-02-02-02-02-23.wav,03,01,02,calm,02,02,02,23
/home/jupyter-dinuanandcr.23cse/project/Quantum_Audio_Emotion/Quantum_audio/data/raw/RAVDESS/Actor_23/03-01-03-01-01-01-23.wav,03,01,03,happy,01,01,01,23
/home/jupyter-dinuanandcr.23cse/project/Quantum_Audio_Emotion/Quantum_audio/data/raw/RAVDESS/Actor_23/03-01-03-01-01-02-23.wav,03,01,03,happy,01,01,02,23
/home/jupyter-dinuanandcr.23cse/project/Quantum_Audio_Emotion/Quantum_audio/data/raw/RAVDESS/Actor_23/03-01-03-01-02-01-23.wav,03,01,03,happy,01,02,01,23
/home/jupyter-dinuanandcr.23cse/project/Quantum_Audio_Emotion/Quantum_audio/data/raw/RAVDESS/Actor_23/03-01-03-01-02-02-23.wav,03,01,03,happy,01,02,02,23
/home/jupyter-dinuanandcr.23cse/project/Quantum_Audio_Emotion/Quantum_audio/data/raw/RAVDESS/Actor_23/03-01-03-02-01-01-23.wav,03,01,03,happy,02,01,01,23
/home/jupyter-dinuanandcr.23cse/project/Quantum_Audio_Emotion/Quantum_audio/data/raw/RAVDESS/Actor_23/03-01-03-02-01-02-23.wav,03,01,03,happy,02,01,02,23
/home/jupyter-dinuanandcr.23cse/project/Quantum_Audio_Emotion/Quantum_audio/data/raw/RAVDESS/Actor_23/03-01-03-02-02-01-23.wav,03,01,03,happy,02,02,01,23
/home/jupyter-dinuanandcr.23cse/project/Quantum_Audio_Emotion/Quantum_audio/data/raw/RAVDESS/Actor_23/03-01-03-02-02-02-23.wav,03,01,03,happy,02,02,02,23
/home/jupyter-dinuanandcr.23cse/project/Quantum_Audio_Emotion/Quantum_audio/data/raw/RAVDESS/Actor_23/03-01-04-01-01-01-23.wav,03,01,04,sad,01,01,01,23
/home/jupyter-dinuanandcr.23cse/project/Quantum_Audio_Emotion/Quantum_audio/data/raw/RAVDESS/Actor_23/03-01-04-01-01-02-23.wav,03,01,04,sad,01,01,02,23
/home/jupyter-dinuanandcr.23cse/project/Quantum_Audio_Emotion/Quantum_audio/data/raw/RAVDESS/Actor_23/03-01-04-01-02-01-23.wav,03,01,04,sad,01,02,01,23
/home/jupyter-dinuanandcr.23cse/project/Quantum_Audio_Emotion/Quantum_audio/data/raw/RAVDESS/Actor_23/03-01-04-01-02-02-23.wav,03,01,04,sad,01,02,02,23
/home/jupyter-dinuanandcr.23cse/project/Quantum_Audio_Emotion/Quantum_audio/data/raw/RAVDESS/Actor_23/03-01-04-02-01-01-23.wav,03,01,04,sad,02,01,01,23
/home/jupyter-dinuanandcr.23cse/project/Quantum_Audio_Emotion/Quantum_audio/data/raw/RAVDESS/Actor_23/03-01-04-02-01-02-23.wav,03,01,04,sad,02,01,02,23
/home/jupyter-dinuanandcr.23cse/project/Quantum_Audio_Emotion/Quantum_audio/data/raw/RAVDESS/Actor_23/03-01-04-02-02-01-23.wav,03,01,04,sad,02,02,01,23
/home/jupyter-dinuanandcr.23cse/project/Quantum_Audio_Emotion/Quantum_audio/data/raw/RAVDESS/Actor_23/03-01-04-02-02-02-23.wav,03,01,04,sad,02,02,02,23
/home/jupyter-dinuanandcr.23cse/project/Quantum_Audio_Emotion/Quantum_audio/data/raw/RAVDESS/Actor_23/03-01-05-01-01-01-23.wav,03,01,05,angry,01,01,01,23
/home/jupyter-dinuanandcr.23cse/project/Quantum_Audio_Emotion/Quantum_audio/data/raw/RAVDESS/Actor_23/03-01-05-01-01-02-23.wav,03,01,05,angry,01,01,02,23
/home/jupyter-dinuanandcr.23cse/project/Quantum_Audio_Emotion/Quantum_audio/data/raw/RAVDESS/Actor_23/03-01-05-01-02-01-23.wav,03,01,05,angry,01,02,01,23
/home/jupyter-dinuanandcr.23cse/project/Quantum_Audio_Emotion/Quantum_audio/data/raw/RAVDESS/Actor_23/03-01-05-01-02-02-23.wav,03,01,05,angry,01,02,02,23
/home/jupyter-dinuanandcr.23cse/project/Quantum_Audio_Emotion/Quantum_audio/data/raw/RAVDESS/Actor_23/03-01-05-02-01-01-23.wav,03,01,05,angry,02,01,01,23
/home/jupyter-dinuanandcr.23cse/project/Quantum_Audio_Emotion/Quantum_audio/data/raw/RAVDESS/Actor_23/03-01-05-02-01-02-23.wav,03,01,05,angry,02,01,02,23
/home/jupyter-dinuanandcr.23cse/project/Quantum_Audio_Emotion/Quantum_audio/data/raw/RAVDESS/Actor_23/03-01-05-02-02-01-23.wav,03,01,05,angry,02,02,01,23
/home/jupyter-dinuanandcr.23cse/project/Quantum_Audio_Emotion/Quantum_audio/data/raw/RAVDESS/Actor_23/03-01-05-02-02-02-23.wav,03,01,05,angry,02,02,02,23
/home/jupyter-dinuanandcr.23cse/project/Quantum_Audio_Emotion/Quantum_audio/data/raw/RAVDESS/Actor_23/03-01-06-01-01-01-23.wav,03,01,06,fearful,01,01,01,23
/home/jupyter-dinuanandcr.23cse/project/Quantum_Audio_Emotion/Quantum_audio/data/raw/RAVDESS/Actor_23/03-01-06-01-01-02-23.wav,03,01,06,fearful,01,01,02,23
/home/jupyter-dinuanandcr.23cse/project/Quantum_Audio_Emotion/Quantum_audio/data/raw/RAVDESS/Actor_23/03-01-06-01-02-01-23.wav,03,01,06,fearful,01,02,01,23
/home/jupyter-dinuanandcr.23cse/project/Quantum_Audio_Emotion/Quantum_audio/data/raw/RAVDESS/Actor_23/03-01-06-01-02-02-23.wav,03,01,06,fearful,01,02,02,23
/home/jupyter-dinuanandcr.23cse/project/Quantum_Audio_Emotion/Quantum_audio/data/raw/RAVDESS/Actor_23/03-01-06-02-01-01-23.wav,03,01,06,fearful,02,01,01,23
/home/jupyter-dinuanandcr.23cse/project/Quantum_Audio_Emotion/Quantum_audio/data/raw/RAVDESS/Actor_23/03-01-06-02-01-02-23.wav,03,01,06,fearful,02,01,02,23
/home/jupyter-dinuanandcr.23cse/project/Quantum_Audio_Emotion/Quantum_audio/data/raw/RAVDESS/Actor_23/03-01-06-02-02-01-23.wav,03,01,06,fearful,02,02,01,23
/home/jupyter-dinuanandcr.23cse/project/Quantum_Audio_Emotion/Quantum_audio/data/raw/RAVDESS/Actor_23/03-01-06-02-02-02-23.wav,03,01,06,fearful,02,02,02,23
/home/jupyter-dinuanandcr.23cse/project/Quantum_Audio_Emotion/Quantum_audio/data/raw/RAVDESS/Actor_23/03-01-07-01-01-01-23.wav,03,01,07,disgust,01,01,01,23
/home/jupyter-dinuanandcr.23cse/project/Quantum_Audio_Emotion/Quantum_audio/data/raw/RAVDESS/Actor_23/03-01-07-01-01-02-23.wav,03,01,07,disgust,01,01,02,23
/home/jupyter-dinuanandcr.23cse/project/Quantum_Audio_Emotion/Quantum_audio/data/raw/RAVDESS/Actor_23/03-01-07-01-02-01-23.wav,03,01,07,disgust,01,02,01,23
/home/jupyter-dinuanandcr.23cse/project/Quantum_Audio_Emotion/Quantum_audio/data/raw/RAVDESS/Actor_23/03-01-07-01-02-02-23.wav,03,01,07,disgust,01,02,02,23
/home/jupyter-dinuanandcr.23cse/project/Quantum_Audio_Emotion/Quantum_audio/data/raw/RAVDESS/Actor_23/03-01-07-02-01-01-23.wav,03,01,07,disgust,02,01,01,23
/home/jupyter-dinuanandcr.23cse/project/Quantum_Audio_Emotion/Quantum_audio/data/raw/RAVDESS/Actor_23/03-01-07-02-01-02-23.wav,03,01,07,disgust,02,01,02,23
/home/jupyter-dinuanandcr.23cse/project/Quantum_Audio_Emotion/Quantum_audio/data/raw/RAVDESS/Actor_23/03-01-07-02-02-01-23.wav,03,01,07,disgust,02,02,01,23
/home/jupyter-dinuanandcr.23cse/project/Quantum_Audio_Emotion/Quantum_audio/data/raw/RAVDESS/Actor_23/03-01-07-02-02-02-23.wav,03,01,07,disgust,02,02,02,23
/home/jupyter-dinuanandcr.23cse/project/Quantum_Audio_Emotion/Quantum_audio/data/raw/RAVDESS/Actor_23/03-01-08-01-01-01-23.wav,03,01,08,surprised,01,01,01,23
/home/jupyter-dinuanandcr.23cse/project/Quantum_Audio_Emotion/Quantum_audio/data/raw/RAVDESS/Actor_23/03-01-08-01-01-02-23.wav,03,01,08,surprised,01,01,02,23
/home/jupyter-dinuanandcr.23cse/project/Quantum_Audio_Emotion/Quantum_audio/data/raw/RAVDESS/Actor_23/03-01-08-01-02-01-23.wav,03,01,08,surprised,01,02,01,23
/home/jupyter-dinuanandcr.23cse/project/Quantum_Audio_Emotion/Quantum_audio/data/raw/RAVDESS/Actor_23/03-01-08-01-02-02-23.wav,03,01,08,surprised,01,02,02,23
/home/jupyter-dinuanandcr.23cse/project/Quantum_Audio_Emotion/Quantum_audio/data/raw/RAVDESS/Actor_23/03-01-08-02-01-01-23.wav,03,01,08,surprised,02,01,01,23
/home/jupyter-dinuanandcr.23cse/project/Quantum_Audio_Emotion/Quantum_audio/data/raw/RAVDESS/Actor_23/03-01-08-02-01-02-23.wav,03,01,08,surprised,02,01,02,23
/home/jupyter-dinuanandcr.23cse/project/Quantum_Audio_Emotion/Quantum_audio/data/raw/RAVDESS/Actor_23/03-01-08-02-02-01-23.wav,03,01,08,surprised,02,02,01,23
/home/jupyter-dinuanandcr.23cse/project/Quantum_Audio_Emotion/Quantum_audio/data/raw/RAVDESS/Actor_23/03-01-08-02-02-02-23.wav,03,01,08,surprised,02,02,02,23
/home/jupyter-dinuanandcr.23cse/project/Quantum_Audio_Emotion/Quantum_audio/data/raw/RAVDESS/Actor_24/03-01-01-01-01-01-24.wav,03,01,01,neutral,01,01,01,24
/home/jupyter-dinuanandcr.23cse/project/Quantum_Audio_Emotion/Quantum_audio/data/raw/RAVDESS/Actor_24/03-01-01-01-01-02-24.wav,03,01,01,neutral,01,01,02,24
/home/jupyter-dinuanandcr.23cse/project/Quantum_Audio_Emotion/Quantum_audio/data/raw/RAVDESS/Actor_24/03-01-01-01-02-01-24.wav,03,01,01,neutral,01,02,01,24
/home/jupyter-dinuanandcr.23cse/project/Quantum_Audio_Emotion/Quantum_audio/data/raw/RAVDESS/Actor_24/03-01-01-01-02-02-24.wav,03,01,01,neutral,01,02,02,24
/home/jupyter-dinuanandcr.23cse/project/Quantum_Audio_Emotion/Quantum_audio/data/raw/RAVDESS/Actor_24/03-01-02-01-01-01-24.wav,03,01,02,calm,01,01,01,24
/home/jupyter-dinuanandcr.23cse/project/Quantum_Audio_Emotion/Quantum_audio/data/raw/RAVDESS/Actor_24/03-01-02-01-01-02-24.wav,03,01,02,calm,01,01,02,24
/home/jupyter-dinuanandcr.23cse/project/Quantum_Audio_Emotion/Quantum_audio/data/raw/RAVDESS/Actor_24/03-01-02-01-02-01-24.wav,03,01,02,calm,01,02,01,24
/home/jupyter-dinuanandcr.23cse/project/Quantum_Audio_Emotion/Quantum_audio/data/raw/RAVDESS/Actor_24/03-01-02-01-02-02-24.wav,03,01,02,calm,01,02,02,24
/home/jupyter-dinuanandcr.23cse/project/Quantum_Audio_Emotion/Quantum_audio/data/raw/RAVDESS/Actor_24/03-01-02-02-01-01-24.wav,03,01,02,calm,02,01,01,24
/home/jupyter-dinuanandcr.23cse/project/Quantum_Audio_Emotion/Quantum_audio/data/raw/RAVDESS/Actor_24/03-01-02-02-01-02-24.wav,03,01,02,calm,02,01,02,24
/home/jupyter-dinuanandcr.23cse/project/Quantum_Audio_Emotion/Quantum_audio/data/raw/RAVDESS/Actor_24/03-01-02-02-02-01-24.wav,03,01,02,calm,02,02,01,24
/home/jupyter-dinuanandcr.23cse/project/Quantum_Audio_Emotion/Quantum_audio/data/raw/RAVDESS/Actor_24/03-01-02-02-02-02-24.wav,03,01,02,calm,02,02,02,24
/home/jupyter-dinuanandcr.23cse/project/Quantum_Audio_Emotion/Quantum_audio/data/raw/RAVDESS/Actor_24/03-01-03-01-01-01-24.wav,03,01,03,happy,01,01,01,24
/home/jupyter-dinuanandcr.23cse/project/Quantum_Audio_Emotion/Quantum_audio/data/raw/RAVDESS/Actor_24/03-01-03-01-01-02-24.wav,03,01,03,happy,01,01,02,24
/home/jupyter-dinuanandcr.23cse/project/Quantum_Audio_Emotion/Quantum_audio/data/raw/RAVDESS/Actor_24/03-01-03-01-02-01-24.wav,03,01,03,happy,01,02,01,24
/home/jupyter-dinuanandcr.23cse/project/Quantum_Audio_Emotion/Quantum_audio/data/raw/RAVDESS/Actor_24/03-01-03-01-02-02-24.wav,03,01,03,happy,01,02,02,24
/home/jupyter-dinuanandcr.23cse/project/Quantum_Audio_Emotion/Quantum_audio/data/raw/RAVDESS/Actor_24/03-01-03-02-01-01-24.wav,03,01,03,happy,02,01,01,24
/home/jupyter-dinuanandcr.23cse/project/Quantum_Audio_Emotion/Quantum_audio/data/raw/RAVDESS/Actor_24/03-01-03-02-01-02-24.wav,03,01,03,happy,02,01,02,24
/home/jupyter-dinuanandcr.23cse/project/Quantum_Audio_Emotion/Quantum_audio/data/raw/RAVDESS/Actor_24/03-01-03-02-02-01-24.wav,03,01,03,happy,02,02,01,24
/home/jupyter-dinuanandcr.23cse/project/Quantum_Audio_Emotion/Quantum_audio/data/raw/RAVDESS/Actor_24/03-01-03-02-02-02-24.wav,03,01,03,happy,02,02,02,24
/home/jupyter-dinuanandcr.23cse/project/Quantum_Audio_Emotion/Quantum_audio/data/raw/RAVDESS/Actor_24/03-01-04-01-01-01-24.wav,03,01,04,sad,01,01,01,24
/home/jupyter-dinuanandcr.23cse/project/Quantum_Audio_Emotion/Quantum_audio/data/raw/RAVDESS/Actor_24/03-01-04-01-01-02-24.wav,03,01,04,sad,01,01,02,24
/home/jupyter-dinuanandcr.23cse/project/Quantum_Audio_Emotion/Quantum_audio/data/raw/RAVDESS/Actor_24/03-01-04-01-02-01-24.wav,03,01,04,sad,01,02,01,24
/home/jupyter-dinuanandcr.23cse/project/Quantum_Audio_Emotion/Quantum_audio/data/raw/RAVDESS/Actor_24/03-01-04-01-02-02-24.wav,03,01,04,sad,01,02,02,24
/home/jupyter-dinuanandcr.23cse/project/Quantum_Audio_Emotion/Quantum_audio/data/raw/RAVDESS/Actor_24/03-01-04-02-01-01-24.wav,03,01,04,sad,02,01,01,24
/home/jupyter-dinuanandcr.23cse/project/Quantum_Audio_Emotion/Quantum_audio/data/raw/RAVDESS/Actor_24/03-01-04-02-01-02-24.wav,03,01,04,sad,02,01,02,24
/home/jupyter-dinuanandcr.23cse/project/Quantum_Audio_Emotion/Quantum_audio/data/raw/RAVDESS/Actor_24/03-01-04-02-02-01-24.wav,03,01,04,sad,02,02,01,24
/home/jupyter-dinuanandcr.23cse/project/Quantum_Audio_Emotion/Quantum_audio/data/raw/RAVDESS/Actor_24/03-01-04-02-02-02-24.wav,03,01,04,sad,02,02,02,24
/home/jupyter-dinuanandcr.23cse/project/Quantum_Audio_Emotion/Quantum_audio/data/raw/RAVDESS/Actor_24/03-01-05-01-01-01-24.wav,03,01,05,angry,01,01,01,24
/home/jupyter-dinuanandcr.23cse/project/Quantum_Audio_Emotion/Quantum_audio/data/raw/RAVDESS/Actor_24/03-01-05-01-01-02-24.wav,03,01,05,angry,01,01,02,24
/home/jupyter-dinuanandcr.23cse/project/Quantum_Audio_Emotion/Quantum_audio/data/raw/RAVDESS/Actor_24/03-01-05-01-02-01-24.wav,03,01,05,angry,01,02,01,24
/home/jupyter-dinuanandcr.23cse/project/Quantum_Audio_Emotion/Quantum_audio/data/raw/RAVDESS/Actor_24/03-01-05-01-02-02-24.wav,03,01,05,angry,01,02,02,24
/home/jupyter-dinuanandcr.23cse/project/Quantum_Audio_Emotion/Quantum_audio/data/raw/RAVDESS/Actor_24/03-01-05-02-01-01-24.wav,03,01,05,angry,02,01,01,24
/home/jupyter-dinuanandcr.23cse/project/Quantum_Audio_Emotion/Quantum_audio/data/raw/RAVDESS/Actor_24/03-01-05-02-01-02-24.wav,03,01,05,angry,02,01,02,24
/home/jupyter-dinuanandcr.23cse/project/Quantum_Audio_Emotion/Quantum_audio/data/raw/RAVDESS/Actor_24/03-01-05-02-02-01-24.wav,03,01,05,angry,02,02,01,24
/home/jupyter-dinuanandcr.23cse/project/Quantum_Audio_Emotion/Quantum_audio/data/raw/RAVDESS/Actor_24/03-01-05-02-02-02-24.wav,03,01,05,angry,02,02,02,24
/home/jupyter-dinuanandcr.23cse/project/Quantum_Audio_Emotion/Quantum_audio/data/raw/RAVDESS/Actor_24/03-01-06-01-01-01-24.wav,03,01,06,fearful,01,01,01,24
/home/jupyter-dinuanandcr.23cse/project/Quantum_Audio_Emotion/Quantum_audio/data/raw/RAVDESS/Actor_24/03-01-06-01-01-02-24.wav,03,01,06,fearful,01,01,02,24
/home/jupyter-dinuanandcr.23cse/project/Quantum_Audio_Emotion/Quantum_audio/data/raw/RAVDESS/Actor_24/03-01-06-01-02-01-24.wav,03,01,06,fearful,01,02,01,24
/home/jupyter-dinuanandcr.23cse/project/Quantum_Audio_Emotion/Quantum_audio/data/raw/RAVDESS/Actor_24/03-01-06-01-02-02-24.wav,03,01,06,fearful,01,02,02,24
/home/jupyter-dinuanandcr.23cse/project/Quantum_Audio_Emotion/Quantum_audio/data/raw/RAVDESS/Actor_24/03-01-06-02-01-01-24.wav,03,01,06,fearful,02,01,01,24
/home/jupyter-dinuanandcr.23cse/project/Quantum_Audio_Emotion/Quantum_audio/data/raw/RAVDESS/Actor_24/03-01-06-02-01-02-24.wav,03,01,06,fearful,02,01,02,24
/home/jupyter-dinuanandcr.23cse/project/Quantum_Audio_Emotion/Quantum_audio/data/raw/RAVDESS/Actor_24/03-01-06-02-02-01-24.wav,03,01,06,fearful,02,02,01,24
/home/jupyter-dinuanandcr.23cse/project/Quantum_Audio_Emotion/Quantum_audio/data/raw/RAVDESS/Actor_24/03-01-06-02-02-02-24.wav,03,01,06,fearful,02,02,02,24
/home/jupyter-dinuanandcr.23cse/project/Quantum_Audio_Emotion/Quantum_audio/data/raw/RAVDESS/Actor_24/03-01-07-01-01-01-24.wav,03,01,07,disgust,01,01,01,24
/home/jupyter-dinuanandcr.23cse/project/Quantum_Audio_Emotion/Quantum_audio/data/raw/RAVDESS/Actor_24/03-01-07-01-01-02-24.wav,03,01,07,disgust,01,01,02,24
/home/jupyter-dinuanandcr.23cse/project/Quantum_Audio_Emotion/Quantum_audio/data/raw/RAVDESS/Actor_24/03-01-07-01-02-01-24.wav,03,01,07,disgust,01,02,01,24
/home/jupyter-dinuanandcr.23cse/project/Quantum_Audio_Emotion/Quantum_audio/data/raw/RAVDESS/Actor_24/03-01-07-01-02-02-24.wav,03,01,07,disgust,01,02,02,24
/home/jupyter-dinuanandcr.23cse/project/Quantum_Audio_Emotion/Quantum_audio/data/raw/RAVDESS/Actor_24/03-01-07-02-01-01-24.wav,03,01,07,disgust,02,01,01,24
/home/jupyter-dinuanandcr.23cse/project/Quantum_Audio_Emotion/Quantum_audio/data/raw/RAVDESS/Actor_24/03-01-07-02-01-02-24.wav,03,01,07,disgust,02,01,02,24
/home/jupyter-dinuanandcr.23cse/project/Quantum_Audio_Emotion/Quantum_audio/data/raw/RAVDESS/Actor_24/03-01-07-02-02-01-24.wav,03,01,07,disgust,02,02,01,24
/home/jupyter-dinuanandcr.23cse/project/Quantum_Audio_Emotion/Quantum_audio/data/raw/RAVDESS/Actor_24/03-01-07-02-02-02-24.wav,03,01,07,disgust,02,02,02,24
/home/jupyter-dinuanandcr.23cse/project/Quantum_Audio_Emotion/Quantum_audio/data/raw/RAVDESS/Actor_24/03-01-08-01-01-01-24.wav,03,01,08,surprised,01,01,01,24
/home/jupyter-dinuanandcr.23cse/project/Quantum_Audio_Emotion/Quantum_audio/data/raw/RAVDESS/Actor_24/03-01-08-01-01-02-24.wav,03,01,08,surprised,01,01,02,24
/home/jupyter-dinuanandcr.23cse/project/Quantum_Audio_Emotion/Quantum_audio/data/raw/RAVDESS/Actor_24/03-01-08-01-02-01-24.wav,03,01,08,surprised,01,02,01,24
/home/jupyter-dinuanandcr.23cse/project/Quantum_Audio_Emotion/Quantum_audio/data/raw/RAVDESS/Actor_24/03-01-08-01-02-02-24.wav,03,01,08,surprised,01,02,02,24
/home/jupyter-dinuanandcr.23cse/project/Quantum_Audio_Emotion/Quantum_audio/data/raw/RAVDESS/Actor_24/03-01-08-02-01-01-24.wav,03,01,08,surprised,02,01,01,24
/home/jupyter-dinuanandcr.23cse/project/Quantum_Audio_Emotion/Quantum_audio/data/raw/RAVDESS/Actor_24/03-01-08-02-01-02-24.wav,03,01,08,surprised,02,01,02,24
/home/jupyter-dinuanandcr.23cse/project/Quantum_Audio_Emotion/Quantum_audio/data/raw/RAVDESS/Actor_24/03-01-08-02-02-01-24.wav,03,01,08,surprised,02,02,01,24
/home/jupyter-dinuanandcr.23cse/project/Quantum_Audio_Emotion/Quantum_audio/data/raw/RAVDESS/Actor_24/03-01-08-02-02-02-24.wav,03,01,08,surprised,02,02,02,24
